,Position,Affiliation,2012,2013,2014,2015,2016
0,PROFESSOR,University of Washington,IC Class5,IC Class5,IC Class5,IC Class5,IC Class5
1,PROFESSOR,University of Washington,IC Class4,IC Class4,IC Class5,IC Class5,IC Class5
2,PROFESSOR,University of Washington,IC Class4,IC Class4,IC Class4,IC Class4,IC Class5
3,PROFESSOR,University of Washington,IC Class4,IC Class4,IC Class5,IC Class5,IC Class5
4,PROFESSOR,University of Washington,IC Class1,IC Class3,IC Class3,IC Class4,IC Class4
5,PROFESSOR,University of Washington,IC Class3,IC Class3,IC Class4,IC Class4,IC Class4
6,PROFESSOR,University of Washington,IC Class3,IC Class3,IC Class4,IC Class4,IC Class4
7,PROFESSOR,University of Washington,IC Class3,IC Class4,IC Class4,IC Class4,IC Class4
8,PROFESSOR,University of Washington,IC Class3,IC Class3,IC Class4,IC Class4,IC Class4
9,PROFESSOR,University of Washington,IC Class3,IC Class3,IC Class3,IC Class3,IC Class4
10,PROFESSOR,University of Washington,IC Class3,IC Class4,IC Class4,IC Class4,IC Class4
11,PROFESSOR,University of Washington,IC Class4,IC Class4,IC Class4,IC Class4,IC Class4
12,PROFESSOR,University of Washington,IC Class3,IC Class3,IC Class4,IC Class4,IC Class4
13,PROFESSOR,University of Washington,IC Class4,IC Class3,IC Class4,IC Class4,IC Class4
14,PROFESSOR,University of Washington,IC Class3,IC Class3,IC Class3,IC Class4,IC Class4
15,PROFESSOR,University of Washington,IC Class3,IC Class3,IC Class3,IC Class3,IC Class4
16,PROFESSOR,University of Washington,IC Class3,IC Class3,IC Class3,IC Class3,IC Class4
17,PROFESSOR,University of Washington,IC Class3,IC Class3,IC Class3,IC Class4,IC Class4
18,PROFESSOR,University of Washington,IC Class3,IC Class3,IC Class3,IC Class3,IC Class3
19,PROFESSOR,University of Washington,IC Class2,IC Class3,IC Class3,IC Class3,IC Class3
20,PROFESSOR,University of Washington,IC Class3,IC Class3,IC Class3,IC Class3,IC Class3
21,PROFESSOR,University of Washington,IC Class3,IC Class3,IC Class3,IC Class3,IC Class3
22,PROFESSOR,University of Washington,IC Class2,IC Class3,IC Class3,IC Class3,IC Class3
23,PROFESSOR,University of Washington,IC Class3,IC Class3,IC Class3,IC Class3,IC Class3
24,PROFESSOR,University of Washington,IC Class3,IC Class3,IC Class3,IC Class3,IC Class3
25,PROFESSOR,University of Washington,IC Class3,IC Class3,IC Class3,IC Class3,IC Class3
26,PROFESSOR,University of Washington,IC Class3,IC Class3,IC Class3,IC Class3,IC Class3
27,PROFESSOR,University of Washington,IC Class1,IC Class3,IC Class3,IC Class3,IC Class3
28,PROFESSOR,University of Washington,IC Class3,IC Class3,IC Class3,IC Class3,IC Class3
29,PROFESSOR,University of Washington,IC Class3,IC Class3,IC Class3,IC Class3,IC Class3
30,PROFESSOR,University of Washington,IC Class2,IC Class2,IC Class2,IC Class2,IC Class3
31,PROFESSOR,University of Washington,IC Class2,IC Class2,IC Class3,IC Class3,IC Class3
32,PROFESSOR,University of Washington,IC Class3,IC Class3,IC Class3,IC Class4,IC Class3
33,PROFESSOR,University of Washington,IC Class3,IC Class3,IC Class3,IC Class3,IC Class3
34,PROFESSOR,University of Washington,IC Class2,IC Class2,IC Class3,IC Class3,IC Class3
35,PROFESSOR,University of Washington,IC Class3,IC Class3,IC Class3,IC Class3,IC Class3
36,PROFESSOR,University of Washington,IC Class3,IC Class3,IC Class3,IC Class3,IC Class3
37,PROFESSOR,University of Washington,IC Class2,IC Class2,IC Class3,IC Class3,IC Class3
38,PROFESSOR,University of Washington,IC Class3,IC Class3,IC Class3,IC Class3,IC Class3
39,PROFESSOR,University of Washington,IC Class2,IC Class3,IC Class3,IC Class3,IC Class3
40,PROFESSOR,University of Washington,IC Class2,IC Class2,IC Class2,IC Class3,IC Class3
41,PROFESSOR,University of Washington,IC Class3,IC Class3,IC Class3,IC Class3,IC Class3
42,PROFESSOR,University of Washington,IC Class2,IC Class2,IC Class3,IC Class3,IC Class3
43,PROFESSOR,University of Washington,IC Class1,IC Class2,IC Class3,IC Class3,IC Class3
44,PROFESSOR,University of Washington,IC Class3,IC Class3,IC Class3,IC Class3,IC Class3
45,PROFESSOR,University of Washington,IC Class2,IC Class2,IC Class3,IC Class3,IC Class3
46,PROFESSOR,University of Washington,IC Class3,IC Class3,IC Class3,IC Class3,IC Class3
47,PROFESSOR,University of Washington,IC Class1,IC Class3,IC Class3,IC Class3,IC Class3
48,PROFESSOR,University of Washington,IC Class3,IC Class3,IC Class3,IC Class3,IC Class3
49,PROFESSOR,University of Washington,IC Class2,IC Class2,IC Class2,IC Class2,IC Class3
50,PROFESSOR,University of Washington,IC Class2,IC Class2,IC Class2,IC Class2,IC Class3
51,PROFESSOR,University of Washington,IC Class2,IC Class2,IC Class3,IC Class3,IC Class3
52,PROFESSOR,University of Washington,IC Class2,IC Class2,IC Class1,IC Class2,IC Class3
53,PROFESSOR,University of Washington,IC Class2,IC Class2,IC Class2,IC Class3,IC Class3
54,PROFESSOR,University of Washington,IC Class2,IC Class2,IC Class3,IC Class2,IC Class3
55,PROFESSOR,University of Washington,IC Class2,IC Class2,IC Class3,IC Class2,IC Class3
56,PROFESSOR,University of Washington,IC Class2,IC Class2,IC Class3,IC Class3,IC Class3
57,PROFESSOR,University of Washington,IC Class2,IC Class2,IC Class3,IC Class3,IC Class3
58,PROFESSOR,University of Washington,IC Class2,IC Class2,IC Class3,IC Class3,IC Class3
59,PROFESSOR,University of Washington,IC Class2,IC Class2,IC Class2,IC Class3,IC Class3
60,PROFESSOR,University of Washington,IC Class2,IC Class2,IC Class3,IC Class3,IC Class3
61,PROFESSOR,University of Washington,IC Class2,IC Class3,IC Class3,IC Class3,IC Class3
62,PROFESSOR,University of Washington,IC Class3,IC Class3,IC Class3,IC Class3,IC Class3
63,PROFESSOR,University of Washington,IC Class2,IC Class2,IC Class2,IC Class3,IC Class3
64,PROFESSOR,University of Washington,IC Class2,IC Class2,IC Class3,IC Class3,IC Class3
65,PROFESSOR,University of Washington,IC Class2,IC Class2,IC Class2,IC Class3,IC Class3
66,PROFESSOR,University of Washington,IC Class2,IC Class2,IC Class2,IC Class3,IC Class3
67,PROFESSOR,University of Washington,IC Class2,IC Class2,IC Class3,IC Class3,IC Class3
68,PROFESSOR,University of Washington,IC Class2,IC Class2,IC Class3,IC Class3,IC Class3
69,PROFESSOR,University of Washington,IC Class2,IC Class2,IC Class2,IC Class3,IC Class3
70,PROFESSOR,University of Washington,IC Class2,IC Class2,IC Class2,IC Class2,IC Class3
71,PROFESSOR,University of Washington,IC Class3,IC Class3,IC Class2,IC Class2,IC Class3
72,PROFESSOR,University of Washington,IC Class2,IC Class2,IC Class3,IC Class3,IC Class3
73,PROFESSOR,University of Washington,IC Class2,IC Class2,IC Class2,IC Class3,IC Class3
74,PROFESSOR,University of Washington,IC Class3,IC Class3,IC Class3,IC Class3,IC Class3
75,PROFESSOR,University of Washington,IC Class2,IC Class3,IC Class3,IC Class3,IC Class3
76,PROFESSOR,University of Washington,IC Class2,IC Class2,IC Class2,IC Class2,IC Class3
77,PROFESSOR,University of Washington,IC Class2,IC Class2,IC Class3,IC Class3,IC Class3
78,PROFESSOR,University of Washington,IC Class2,IC Class2,IC Class2,IC Class2,IC Class3
79,PROFESSOR,University of Washington,IC Class2,IC Class2,IC Class2,IC Class2,IC Class3
80,PROFESSOR,University of Washington,IC Class2,IC Class2,IC Class2,IC Class2,IC Class3
81,PROFESSOR,University of Washington,IC Class2,IC Class2,IC Class2,IC Class1,IC Class3
82,PROFESSOR,University of Washington,IC Class2,IC Class2,IC Class2,IC Class2,IC Class3
83,PROFESSOR,University of Washington,IC Class2,IC Class2,IC Class2,IC Class2,IC Class3
84,PROFESSOR,University of Washington,IC Class1,IC Class1,IC Class2,IC Class2,IC Class3
85,PROFESSOR,University of Washington,IC Class2,IC Class2,IC Class2,IC Class2,IC Class3
86,PROFESSOR,University of Washington,IC Class2,IC Class2,IC Class2,IC Class2,IC Class3
87,PROFESSOR,University of Washington,IC Class3,IC Class3,IC Class3,IC Class3,IC Class3
88,PROFESSOR,University of Washington,IC Class2,IC Class2,IC Class2,IC Class2,IC Class3
89,PROFESSOR,University of Washington,IC Class2,IC Class2,IC Class2,IC Class2,IC Class3
90,PROFESSOR,University of Washington,IC Class2,IC Class2,IC Class2,IC Class2,IC Class3
91,PROFESSOR,University of Washington,IC Class2,IC Class2,IC Class2,IC Class2,IC Class3
92,PROFESSOR,University of Washington,IC Class2,IC Class3,IC Class3,IC Class3,IC Class3
93,PROFESSOR,University of Washington,IC Class2,IC Class2,IC Class2,IC Class2,IC Class3
94,PROFESSOR,University of Washington,IC Class2,IC Class2,IC Class2,IC Class2,IC Class3
95,PROFESSOR,University of Washington,IC Class2,IC Class2,IC Class2,IC Class2,IC Class3
96,PROFESSOR,University of Washington,IC Class2,IC Class2,IC Class2,IC Class2,IC Class2
97,PROFESSOR,University of Washington,IC Class2,IC Class2,IC Class2,IC Class3,IC Class2
98,PROFESSOR,University of Washington,IC Class2,IC Class2,IC Class2,IC Class2,IC Class2
99,PROFESSOR,University of Washington,IC Class2,IC Class2,IC Class2,IC Class2,IC Class2
100,PROFESSOR,University of Washington,IC Class2,IC Class2,IC Class2,IC Class2,IC Class2
101,PROFESSOR,University of Washington,IC Class2,IC Class2,IC Class2,IC Class2,IC Class2
102,PROFESSOR,University of Washington,IC Class2,IC Class2,IC Class2,IC Class2,IC Class2
103,PROFESSOR,University of Washington,IC Class2,IC Class2,IC Class2,IC Class2,IC Class2
104,PROFESSOR,University of Washington,IC Class1,IC Class2,IC Class2,IC Class2,IC Class2
105,PROFESSOR,University of Washington,IC Class2,IC Class2,IC Class2,IC Class2,IC Class2
106,PROFESSOR,University of Washington,IC Class2,IC Class2,IC Class2,IC Class2,IC Class2
107,PROFESSOR,University of Washington,IC Class2,IC Class2,IC Class2,IC Class2,IC Class2
108,PROFESSOR,University of Washington,IC Class2,IC Class2,IC Class2,IC Class2,IC Class2
109,PROFESSOR,University of Washington,IC Class2,IC Class2,IC Class2,IC Class3,IC Class2
110,PROFESSOR,University of Washington,IC Class1,IC Class2,IC Class2,IC Class2,IC Class2
111,PROFESSOR,University of Washington,IC Class2,IC Class2,IC Class2,IC Class2,IC Class2
112,PROFESSOR,University of Washington,IC Class2,IC Class2,IC Class2,IC Class2,IC Class2
113,PROFESSOR,University of Washington,IC Class2,IC Class2,IC Class2,IC Class2,IC Class2
114,PROFESSOR,University of Washington,IC Class2,IC Class2,IC Class2,IC Class2,IC Class2
115,PROFESSOR,University of Washington,IC Class2,IC Class2,IC Class2,IC Class2,IC Class2
116,PROFESSOR,University of Washington,IC Class2,IC Class2,IC Class2,IC Class2,IC Class2
117,PROFESSOR,University of Washington,IC Class2,IC Class2,IC Class2,IC Class2,IC Class2
118,PROFESSOR,University of Washington,IC Class2,IC Class2,IC Class2,IC Class2,IC Class2
119,PROFESSOR,University of Washington,IC Class2,IC Class2,IC Class2,IC Class2,IC Class2
120,PROFESSOR,University of Washington,IC Class2,IC Class2,IC Class2,IC Class2,IC Class2
121,PROFESSOR,University of Washington,IC Class3,IC Class3,IC Class3,IC Class3,IC Class2
122,PROFESSOR,University of Washington,IC Class2,IC Class2,IC Class2,IC Class2,IC Class2
123,PROFESSOR,University of Washington,IC Class2,IC Class2,IC Class2,IC Class2,IC Class2
124,PROFESSOR,University of Washington,IC Class2,IC Class2,IC Class3,IC Class2,IC Class2
125,PROFESSOR,University of Washington,IC Class2,IC Class2,IC Class2,IC Class2,IC Class2
126,PROFESSOR,University of Washington,IC Class2,IC Class2,IC Class2,IC Class2,IC Class2
127,PROFESSOR,University of Washington,IC Class2,IC Class2,IC Class2,IC Class2,IC Class2
128,PROFESSOR,University of Washington,IC Class2,IC Class2,IC Class2,IC Class2,IC Class2
129,PROFESSOR,University of Washington,IC Class2,IC Class2,IC Class2,IC Class2,IC Class2
130,PROFESSOR,University of Washington,IC Class2,IC Class2,IC Class2,IC Class2,IC Class2
131,PROFESSOR,University of Washington,IC Class2,IC Class2,IC Class2,IC Class2,IC Class2
132,PROFESSOR,University of Washington,IC Class2,IC Class2,IC Class2,IC Class2,IC Class2
133,PROFESSOR,University of Washington,IC Class2,IC Class2,IC Class2,IC Class2,IC Class2
134,PROFESSOR,University of Washington,IC Class2,IC Class2,IC Class2,IC Class2,IC Class2
135,PROFESSOR,University of Washington,IC Class1,IC Class1,IC Class2,IC Class1,IC Class2
136,PROFESSOR,University of Washington,IC Class2,IC Class2,IC Class2,IC Class2,IC Class2
137,PROFESSOR,University of Washington,IC Class2,IC Class2,IC Class2,IC Class2,IC Class2
138,PROFESSOR,University of Washington,IC Class2,IC Class2,IC Class2,IC Class2,IC Class2
139,PROFESSOR,University of Washington,IC Class1,IC Class2,IC Class2,IC Class2,IC Class2
140,PROFESSOR,University of Washington,IC Class2,IC Class2,IC Class2,IC Class2,IC Class2
141,PROFESSOR,University of Washington,IC Class2,IC Class2,IC Class2,IC Class2,IC Class2
142,PROFESSOR,University of Washington,IC Class2,IC Class2,IC Class2,IC Class2,IC Class2
143,PROFESSOR,University of Washington,IC Class2,IC Class2,IC Class2,IC Class2,IC Class2
144,PROFESSOR,University of Washington,IC Class2,IC Class2,IC Class2,IC Class2,IC Class2
145,PROFESSOR,University of Washington,IC Class2,IC Class2,IC Class2,IC Class2,IC Class2
146,PROFESSOR,University of Washington,IC Class2,IC Class2,IC Class2,IC Class2,IC Class2
147,PROFESSOR,University of Washington,IC Class2,IC Class2,IC Class2,IC Class2,IC Class2
148,PROFESSOR,University of Washington,IC Class2,IC Class2,IC Class2,IC Class2,IC Class2
149,PROFESSOR,University of Washington,IC Class2,IC Class2,IC Class2,IC Class2,IC Class2
150,PROFESSOR,University of Washington,IC Class2,IC Class2,IC Class2,IC Class2,IC Class2
151,PROFESSOR,University of Washington,IC Class2,IC Class2,IC Class2,IC Class2,IC Class2
152,PROFESSOR,University of Washington,IC Class2,IC Class2,IC Class2,IC Class2,IC Class2
153,PROFESSOR,University of Washington,IC Class2,IC Class2,IC Class2,IC Class2,IC Class2
154,PROFESSOR,University of Washington,IC Class2,IC Class2,IC Class2,IC Class2,IC Class2
155,PROFESSOR,University of Washington,IC Class2,IC Class2,IC Class2,IC Class2,IC Class2
156,PROFESSOR,University of Washington,IC Class2,IC Class2,IC Class2,IC Class2,IC Class2
157,PROFESSOR,University of Washington,IC Class2,IC Class2,IC Class2,IC Class2,IC Class2
158,PROFESSOR,University of Washington,IC Class2,IC Class2,IC Class2,IC Class2,IC Class2
159,PROFESSOR,University of Washington,IC Class1,IC Class2,IC Class2,IC Class2,IC Class2
160,PROFESSOR,University of Washington,IC Class2,IC Class2,IC Class2,IC Class2,IC Class2
161,PROFESSOR,University of Washington,IC Class2,IC Class1,IC Class2,IC Class2,IC Class2
162,PROFESSOR,University of Washington,IC Class2,IC Class2,IC Class2,IC Class2,IC Class2
163,PROFESSOR,University of Washington,IC Class2,IC Class2,IC Class2,IC Class2,IC Class2
164,PROFESSOR,University of Washington,IC Class2,IC Class2,IC Class2,IC Class2,IC Class2
165,PROFESSOR,University of Washington,IC Class2,IC Class2,IC Class2,IC Class2,IC Class2
166,PROFESSOR,University of Washington,IC Class2,IC Class2,IC Class2,IC Class2,IC Class2
167,PROFESSOR,University of Washington,IC Class2,IC Class2,IC Class2,IC Class2,IC Class2
168,PROFESSOR,University of Washington,IC Class2,IC Class2,IC Class2,IC Class2,IC Class2
169,PROFESSOR,University of Washington,IC Class2,IC Class2,IC Class2,IC Class2,IC Class2
170,PROFESSOR,University of Washington,IC Class2,IC Class2,IC Class2,IC Class2,IC Class2
171,PROFESSOR,University of Washington,IC Class2,IC Class2,IC Class2,IC Class2,IC Class2
172,PROFESSOR,University of Washington,IC Class2,IC Class2,IC Class2,IC Class2,IC Class2
173,PROFESSOR,University of Washington,IC Class2,IC Class2,IC Class2,IC Class2,IC Class2
174,PROFESSOR,University of Washington,IC Class1,IC Class2,IC Class2,IC Class2,IC Class2
175,PROFESSOR,University of Washington,IC Class2,IC Class2,IC Class2,IC Class2,IC Class2
176,PROFESSOR,University of Washington,IC Class2,IC Class2,IC Class2,IC Class2,IC Class2
177,PROFESSOR,University of Washington,IC Class1,IC Class2,IC Class2,IC Class2,IC Class2
178,PROFESSOR,University of Washington,IC Class2,IC Class2,IC Class2,IC Class2,IC Class2
179,PROFESSOR,University of Washington,IC Class1,IC Class1,IC Class1,IC Class1,IC Class2
180,PROFESSOR,University of Washington,IC Class2,IC Class2,IC Class2,IC Class2,IC Class2
181,PROFESSOR,University of Washington,IC Class2,IC Class2,IC Class2,IC Class2,IC Class2
182,PROFESSOR,University of Washington,IC Class2,IC Class2,IC Class2,IC Class2,IC Class2
183,PROFESSOR,University of Washington,IC Class1,IC Class2,IC Class2,IC Class2,IC Class2
184,PROFESSOR,University of Washington,IC Class1,IC Class2,IC Class2,IC Class2,IC Class2
185,PROFESSOR,University of Washington,IC Class1,IC Class2,IC Class2,IC Class2,IC Class2
186,PROFESSOR,University of Washington,IC Class2,IC Class2,IC Class2,IC Class2,IC Class2
187,PROFESSOR,University of Washington,IC Class2,IC Class2,IC Class2,IC Class2,IC Class2
188,PROFESSOR,University of Washington,IC Class2,IC Class2,IC Class2,IC Class2,IC Class2
189,PROFESSOR,University of Washington,IC Class2,IC Class2,IC Class2,IC Class2,IC Class2
190,PROFESSOR,University of Washington,IC Class2,IC Class2,IC Class2,IC Class2,IC Class2
191,PROFESSOR,University of Washington,IC Class2,IC Class2,IC Class2,IC Class2,IC Class2
192,PROFESSOR,University of Washington,IC Class1,IC Class2,IC Class2,IC Class2,IC Class2
193,PROFESSOR,University of Washington,IC Class2,IC Class2,IC Class2,IC Class2,IC Class2
194,PROFESSOR,University of Washington,IC Class1,IC Class2,IC Class2,IC Class2,IC Class2
195,PROFESSOR,University of Washington,IC Class2,IC Class2,IC Class2,IC Class2,IC Class2
196,PROFESSOR,University of Washington,IC Class2,IC Class2,IC Class2,IC Class2,IC Class2
197,PROFESSOR,University of Washington,IC Class2,IC Class2,IC Class2,IC Class2,IC Class2
198,PROFESSOR,University of Washington,IC Class2,IC Class2,IC Class2,IC Class2,IC Class2
199,PROFESSOR,University of Washington,IC Class1,IC Class2,IC Class2,IC Class2,IC Class2
200,PROFESSOR,University of Washington,IC Class2,IC Class2,IC Class2,IC Class2,IC Class2
201,PROFESSOR,University of Washington,IC Class2,IC Class2,IC Class2,IC Class2,IC Class2
202,PROFESSOR,University of Washington,IC Class2,IC Class2,IC Class2,IC Class2,IC Class2
203,PROFESSOR,University of Washington,IC Class2,IC Class2,IC Class2,IC Class2,IC Class2
204,PROFESSOR,University of Washington,IC Class1,IC Class1,IC Class1,IC Class2,IC Class2
205,PROFESSOR,University of Washington,IC Class2,IC Class2,IC Class2,IC Class2,IC Class2
206,PROFESSOR,University of Washington,IC Class2,IC Class2,IC Class2,IC Class2,IC Class2
207,PROFESSOR,University of Washington,IC Class2,IC Class2,IC Class2,IC Class2,IC Class2
208,PROFESSOR,University of Washington,IC Class1,IC Class1,IC Class2,IC Class2,IC Class2
209,PROFESSOR,University of Washington,IC Class2,IC Class2,IC Class2,IC Class2,IC Class2
210,PROFESSOR,University of Washington,IC Class2,IC Class2,IC Class2,IC Class2,IC Class2
211,PROFESSOR,University of Washington,IC Class2,IC Class2,IC Class2,IC Class2,IC Class2
212,PROFESSOR,University of Washington,IC Class2,IC Class2,IC Class2,IC Class2,IC Class2
213,PROFESSOR,University of Washington,IC Class1,IC Class1,IC Class2,IC Class2,IC Class2
214,PROFESSOR,University of Washington,IC Class1,IC Class2,IC Class2,IC Class2,IC Class2
215,PROFESSOR,University of Washington,IC Class2,IC Class2,IC Class2,IC Class2,IC Class2
216,PROFESSOR,University of Washington,IC Class2,IC Class2,IC Class2,IC Class2,IC Class2
217,PROFESSOR,University of Washington,IC Class2,IC Class2,IC Class2,IC Class2,IC Class2
218,PROFESSOR,University of Washington,IC Class2,IC Class2,IC Class2,IC Class2,IC Class2
219,PROFESSOR,University of Washington,IC Class2,IC Class2,IC Class2,IC Class2,IC Class2
220,PROFESSOR,University of Washington,IC Class2,IC Class2,IC Class2,IC Class2,IC Class2
221,PROFESSOR,University of Washington,IC Class2,IC Class2,IC Class2,IC Class2,IC Class2
222,PROFESSOR,University of Washington,IC Class2,IC Class2,IC Class2,IC Class2,IC Class2
223,PROFESSOR,University of Washington,IC Class2,IC Class2,IC Class2,IC Class2,IC Class2
224,PROFESSOR,University of Washington,IC Class2,IC Class1,IC Class2,IC Class2,IC Class2
225,PROFESSOR,University of Washington,IC Class2,IC Class2,IC Class2,IC Class2,IC Class2
226,PROFESSOR,University of Washington,IC Class1,IC Class1,IC Class2,IC Class2,IC Class2
227,PROFESSOR,University of Washington,IC Class2,IC Class2,IC Class2,IC Class2,IC Class2
228,PROFESSOR,University of Washington,IC Class1,IC Class1,IC Class2,IC Class2,IC Class2
229,PROFESSOR,University of Washington,IC Class2,IC Class2,IC Class2,IC Class2,IC Class2
230,PROFESSOR,University of Washington,IC Class2,IC Class2,IC Class2,IC Class2,IC Class2
231,PROFESSOR,University of Washington,IC Class1,IC Class1,IC Class1,IC Class2,IC Class2
232,PROFESSOR,University of Washington,IC Class2,IC Class2,IC Class2,IC Class2,IC Class2
233,PROFESSOR,University of Washington,IC Class2,IC Class2,IC Class1,IC Class2,IC Class2
234,PROFESSOR,University of Washington,IC Class2,IC Class2,IC Class2,IC Class2,IC Class2
235,PROFESSOR,University of Washington,IC Class2,IC Class2,IC Class2,IC Class2,IC Class2
236,PROFESSOR,University of Washington,IC Class1,IC Class2,IC Class2,IC Class2,IC Class2
237,PROFESSOR,University of Washington,IC Class1,IC Class1,IC Class2,IC Class2,IC Class2
238,PROFESSOR,University of Washington,IC Class1,IC Class2,IC Class2,IC Class1,IC Class2
239,PROFESSOR,University of Washington,IC Class1,IC Class1,IC Class2,IC Class2,IC Class2
240,PROFESSOR,University of Washington,IC Class1,IC Class1,IC Class2,IC Class2,IC Class2
241,PROFESSOR,University of Washington,IC Class1,IC Class1,IC Class1,IC Class2,IC Class2
242,PROFESSOR,University of Washington,IC Class1,IC Class1,IC Class2,IC Class2,IC Class2
243,PROFESSOR,University of Washington,IC Class2,IC Class2,IC Class3,IC Class3,IC Class2
244,PROFESSOR,University of Washington,IC Class2,IC Class1,IC Class2,IC Class2,IC Class2
245,PROFESSOR,University of Washington,IC Class2,IC Class2,IC Class2,IC Class2,IC Class2
246,PROFESSOR,University of Washington,IC Class1,IC Class1,IC Class1,IC Class1,IC Class2
247,PROFESSOR,University of Washington,IC Class1,IC Class1,IC Class2,IC Class2,IC Class2
248,PROFESSOR,University of Washington,IC Class1,IC Class1,IC Class1,IC Class1,IC Class2
249,PROFESSOR,University of Washington,IC Class2,IC Class2,IC Class2,IC Class2,IC Class1
250,PROFESSOR,University of Washington,IC Class1,IC Class1,IC Class1,IC Class1,IC Class1
251,PROFESSOR,University of Washington,IC Class1,IC Class2,IC Class2,IC Class2,IC Class1
252,PROFESSOR,University of Washington,IC Class2,IC Class2,IC Class2,IC Class2,IC Class1
253,PROFESSOR,University of Washington,IC Class1,IC Class1,IC Class1,IC Class1,IC Class1
254,PROFESSOR,University of Washington,IC Class1,IC Class1,IC Class1,IC Class1,IC Class1
255,PROFESSOR,University of Washington,IC Class2,IC Class2,IC Class2,IC Class2,IC Class1
256,PROFESSOR,University of Washington,IC Class1,IC Class2,IC Class2,IC Class2,IC Class1
257,PROFESSOR,University of Washington,IC Class1,IC Class1,IC Class1,IC Class1,IC Class1
258,PROFESSOR,University of Washington,IC Class2,IC Class2,IC Class2,IC Class2,IC Class1
259,PROFESSOR,University of Washington,IC Class1,IC Class1,IC Class2,IC Class1,IC Class1
260,PROFESSOR,University of Washington,IC Class2,IC Class2,IC Class2,IC Class2,IC Class1
261,PROFESSOR,University of Washington,IC Class1,IC Class1,IC Class1,IC Class1,IC Class1
262,PROFESSOR,University of Washington,IC Class1,IC Class1,IC Class1,IC Class1,IC Class1
263,PROFESSOR,University of Washington,IC Class1,IC Class1,IC Class2,IC Class1,IC Class1
264,PROFESSOR,University of Washington,IC Class1,IC Class1,IC Class1,IC Class1,IC Class1
265,PROFESSOR,University of Washington,IC Class1,IC Class1,IC Class2,IC Class1,IC Class1
266,ASSOCIATE PROFESSOR,University of Washington,IC Class2,IC Class3,IC Class3,IC Class3,IC Class3
267,ASSOCIATE PROFESSOR,University of Washington,IC Class2,IC Class2,IC Class2,IC Class2,IC Class3
268,ASSOCIATE PROFESSOR,University of Washington,IC Class2,IC Class2,IC Class2,IC Class3,IC Class2
269,ASSOCIATE PROFESSOR,University of Washington,IC Class2,IC Class2,IC Class2,IC Class2,IC Class2
270,ASSOCIATE PROFESSOR,University of Washington,IC Class1,IC Class2,IC Class2,IC Class2,IC Class2
271,ASSOCIATE PROFESSOR,University of Washington,IC Class2,IC Class1,IC Class2,IC Class3,IC Class2
272,ASSISTANT PROFESSOR,University of Washington,IC Class2,IC Class2,IC Class2,IC Class2,IC Class2
273,ASSOCIATE PROFESSOR,University of Washington,IC Class1,IC Class2,IC Class2,IC Class2,IC Class2
274,ASSOCIATE PROFESSOR,University of Washington,IC Class2,IC Class2,IC Class2,IC Class2,IC Class2
275,ASSISTANT PROFESSOR,University of Washington,IC Class1,IC Class2,IC Class2,IC Class2,IC Class2
276,ASSOCIATE PROFESSOR,University of Washington,IC Class1,IC Class1,IC Class1,IC Class2,IC Class2
277,ASSOCIATE PROFESSOR,University of Washington,IC Class2,IC Class2,IC Class2,IC Class2,IC Class2
278,ASSOCIATE PROFESSOR,University of Washington,IC Class2,IC Class2,IC Class2,IC Class2,IC Class2
279,ASSOCIATE PROFESSOR,University of Washington,IC Class1,IC Class2,IC Class2,IC Class2,IC Class2
280,ASSOCIATE PROFESSOR,University of Washington,IC Class2,IC Class2,IC Class2,IC Class2,IC Class2
281,ASSOCIATE PROFESSOR,University of Washington,IC Class1,IC Class2,IC Class2,IC Class2,IC Class2
282,ASSOCIATE PROFESSOR,University of Washington,IC Class2,IC Class2,IC Class2,IC Class2,IC Class2
283,ASSISTANT PROFESSOR,University of Washington,IC Class2,IC Class2,IC Class2,IC Class2,IC Class2
284,ASSISTANT PROFESSOR,University of Washington,IC Class1,IC Class2,IC Class2,IC Class2,IC Class2
285,ASSOCIATE PROFESSOR,University of Washington,IC Class2,IC Class2,IC Class2,IC Class2,IC Class2
286,ASSOCIATE PROFESSOR,University of Washington,IC Class2,IC Class2,IC Class2,IC Class2,IC Class2
287,ASSOCIATE PROFESSOR,University of Washington,IC Class2,IC Class2,IC Class2,IC Class2,IC Class2
288,ASSISTANT PROFESSOR,University of Washington,IC Class2,IC Class2,IC Class2,IC Class2,IC Class2
289,ASSOCIATE PROFESSOR,University of Washington,IC Class2,IC Class2,IC Class2,IC Class2,IC Class2
290,ASSOCIATE PROFESSOR,University of Washington,IC Class2,IC Class2,IC Class1,IC Class2,IC Class2
291,ASSOCIATE PROFESSOR,University of Washington,IC Class2,IC Class2,IC Class2,IC Class2,IC Class2
292,ASSISTANT PROFESSOR,University of Washington,IC Class2,IC Class2,IC Class2,IC Class2,IC Class2
293,ASSOCIATE PROFESSOR,University of Washington,IC Class1,IC Class2,IC Class2,IC Class2,IC Class2
294,ASSOCIATE PROFESSOR,University of Washington,IC Class2,IC Class2,IC Class2,IC Class2,IC Class2
295,ASSOCIATE PROFESSOR,University of Washington,IC Class1,IC Class2,IC Class2,IC Class2,IC Class2
296,ASSOCIATE PROFESSOR,University of Washington,IC Class2,IC Class2,IC Class2,IC Class2,IC Class2
297,ASSOCIATE PROFESSOR,University of Washington,IC Class2,IC Class2,IC Class2,IC Class2,IC Class2
298,ASSISTANT PROFESSOR,University of Washington,IC Class1,IC Class2,IC Class2,IC Class2,IC Class2
299,ASSOCIATE PROFESSOR,University of Washington,IC Class1,IC Class2,IC Class2,IC Class2,IC Class2
300,ASSOCIATE PROFESSOR,University of Washington,IC Class1,IC Class1,IC Class2,IC Class2,IC Class2
301,ASSOCIATE PROFESSOR,University of Washington,IC Class2,IC Class2,IC Class2,IC Class2,IC Class2
302,ASSOCIATE PROFESSOR,University of Washington,IC Class1,IC Class2,IC Class2,IC Class2,IC Class2
303,ASSOCIATE PROFESSOR,University of Washington,IC Class2,IC Class2,IC Class2,IC Class2,IC Class2
304,ASSOCIATE PROFESSOR,University of Washington,IC Class2,IC Class2,IC Class2,IC Class2,IC Class2
305,ASSOCIATE PROFESSOR,University of Washington,IC Class1,IC Class2,IC Class2,IC Class2,IC Class2
306,ASSOCIATE PROFESSOR,University of Washington,IC Class1,IC Class1,IC Class2,IC Class2,IC Class2
307,ASSOCIATE PROFESSOR,University of Washington,IC Class2,IC Class2,IC Class2,IC Class2,IC Class2
308,ASSISTANT PROFESSOR,University of Washington,IC Class2,IC Class2,IC Class2,IC Class2,IC Class2
309,ASSOCIATE PROFESSOR,University of Washington,IC Class1,IC Class2,IC Class2,IC Class2,IC Class2
310,ASSOCIATE PROFESSOR,University of Washington,IC Class1,IC Class2,IC Class2,IC Class2,IC Class2
311,ASSISTANT PROFESSOR,University of Washington,IC Class1,IC Class2,IC Class2,IC Class2,IC Class2
312,ASSOCIATE PROFESSOR,University of Washington,IC Class1,IC Class2,IC Class2,IC Class2,IC Class2
313,ASSOCIATE PROFESSOR,University of Washington,IC Class2,IC Class1,IC Class2,IC Class2,IC Class2
314,ASSOCIATE PROFESSOR,University of Washington,IC Class2,IC Class2,IC Class2,IC Class2,IC Class2
315,ASSOCIATE PROFESSOR,University of Washington,IC Class2,IC Class2,IC Class2,IC Class2,IC Class2
316,ASSOCIATE PROFESSOR,University of Washington,IC Class1,IC Class2,IC Class2,IC Class2,IC Class2
317,ASSOCIATE PROFESSOR,University of Washington,IC Class2,IC Class2,IC Class2,IC Class2,IC Class2
318,ASSOCIATE PROFESSOR,University of Washington,IC Class2,IC Class2,IC Class1,IC Class2,IC Class2
319,ASSOCIATE PROFESSOR,University of Washington,IC Class1,IC Class1,IC Class2,IC Class2,IC Class2
320,ASSISTANT PROFESSOR,University of Washington,IC Class2,IC Class2,IC Class2,IC Class2,IC Class2
321,ASSISTANT PROFESSOR,University of Washington,IC Class1,IC Class2,IC Class2,IC Class2,IC Class2
322,ASSOCIATE PROFESSOR,University of Washington,IC Class2,IC Class2,IC Class2,IC Class2,IC Class2
323,ASSOCIATE PROFESSOR,University of Washington,IC Class2,IC Class2,IC Class2,IC Class2,IC Class2
324,ASSOCIATE PROFESSOR,University of Washington,IC Class2,IC Class2,IC Class2,IC Class2,IC Class2
325,ASSOCIATE PROFESSOR,University of Washington,IC Class1,IC Class1,IC Class2,IC Class2,IC Class2
326,ASSISTANT PROFESSOR,University of Washington,IC Class2,IC Class2,IC Class2,IC Class2,IC Class2
327,ASSOCIATE PROFESSOR,University of Washington,IC Class1,IC Class2,IC Class2,IC Class2,IC Class2
328,ASSISTANT PROFESSOR,University of Washington,IC Class1,IC Class2,IC Class2,IC Class2,IC Class2
329,ASSISTANT PROFESSOR,University of Washington,IC Class1,IC Class2,IC Class2,IC Class2,IC Class2
330,ASSOCIATE PROFESSOR,University of Washington,IC Class1,IC Class2,IC Class2,IC Class2,IC Class2
331,ASSISTANT PROFESSOR,University of Washington,IC Class2,IC Class2,IC Class2,IC Class2,IC Class2
332,ASSISTANT PROFESSOR,University of Washington,IC Class2,IC Class2,IC Class2,IC Class2,IC Class2
333,ASSISTANT PROFESSOR,University of Washington,IC Class2,IC Class2,IC Class2,IC Class2,IC Class2
334,ASSOCIATE PROFESSOR,University of Washington,IC Class2,IC Class2,IC Class2,IC Class2,IC Class2
335,ASSISTANT PROFESSOR,University of Washington,IC Class1,IC Class2,IC Class2,IC Class2,IC Class2
336,ASSOCIATE PROFESSOR,University of Washington,IC Class1,IC Class2,IC Class2,IC Class2,IC Class2
337,ASSOCIATE PROFESSOR,University of Washington,IC Class2,IC Class2,IC Class2,IC Class2,IC Class2
338,ASSOCIATE PROFESSOR,University of Washington,IC Class1,IC Class1,IC Class2,IC Class2,IC Class2
339,ASSOCIATE PROFESSOR,University of Washington,IC Class1,IC Class1,IC Class1,IC Class2,IC Class2
340,ASSOCIATE PROFESSOR,University of Washington,IC Class1,IC Class2,IC Class2,IC Class2,IC Class2
341,ASSOCIATE PROFESSOR,University of Washington,IC Class2,IC Class2,IC Class2,IC Class2,IC Class2
342,ASSOCIATE PROFESSOR,University of Washington,IC Class1,IC Class2,IC Class2,IC Class2,IC Class2
343,ASSOCIATE PROFESSOR,University of Washington,IC Class1,IC Class2,IC Class1,IC Class2,IC Class2
344,ASSISTANT PROFESSOR,University of Washington,IC Class2,IC Class2,IC Class2,IC Class2,IC Class2
345,ASSISTANT PROFESSOR,University of Washington,IC Class1,IC Class1,IC Class1,IC Class1,IC Class2
346,ASSOCIATE PROFESSOR,University of Washington,IC Class1,IC Class2,IC Class2,IC Class2,IC Class2
347,ASSOCIATE PROFESSOR,University of Washington,IC Class1,IC Class1,IC Class1,IC Class2,IC Class2
348,ASSISTANT PROFESSOR,University of Washington,IC Class2,IC Class2,IC Class2,IC Class2,IC Class2
349,ASSISTANT PROFESSOR,University of Washington,IC Class1,IC Class1,IC Class1,IC Class2,IC Class2
350,ASSOCIATE PROFESSOR,University of Washington,IC Class1,IC Class1,IC Class1,IC Class2,IC Class2
351,ASSISTANT PROFESSOR,University of Washington,IC Class1,IC Class2,IC Class1,IC Class2,IC Class2
352,ASSISTANT PROFESSOR,University of Washington,IC Class1,IC Class1,IC Class1,IC Class1,IC Class2
353,ASSOCIATE PROFESSOR,University of Washington,IC Class1,IC Class1,IC Class1,IC Class1,IC Class2
354,ASSISTANT PROFESSOR,University of Washington,IC Class1,IC Class1,IC Class2,IC Class2,IC Class2
355,ASSOCIATE PROFESSOR,University of Washington,IC Class1,IC Class1,IC Class1,IC Class1,IC Class2
356,ASSOCIATE PROFESSOR,University of Washington,IC Class1,IC Class1,IC Class2,IC Class2,IC Class2
357,ASSOCIATE PROFESSOR,University of Washington,IC Class1,IC Class1,IC Class1,IC Class2,IC Class2
358,ASSOCIATE PROFESSOR,University of Washington,IC Class1,IC Class1,IC Class1,IC Class2,IC Class2
359,ASSOCIATE PROFESSOR,University of Washington,IC Class2,IC Class2,IC Class2,IC Class2,IC Class2
360,ASSOCIATE PROFESSOR,University of Washington,IC Class1,IC Class2,IC Class1,IC Class2,IC Class2
361,ASSOCIATE PROFESSOR,University of Washington,IC Class1,IC Class2,IC Class1,IC Class2,IC Class2
362,ASSOCIATE PROFESSOR,University of Washington,IC Class2,IC Class2,IC Class2,IC Class1,IC Class2
363,ASSISTANT PROFESSOR,University of Washington,IC Class2,IC Class1,IC Class2,IC Class2,IC Class2
364,ASSISTANT PROFESSOR,University of Washington,IC Class1,IC Class1,IC Class1,IC Class1,IC Class2
365,ASSISTANT PROFESSOR,University of Washington,IC Class1,IC Class1,IC Class1,IC Class1,IC Class1
366,ASSISTANT PROFESSOR,University of Washington,IC Class1,IC Class1,IC Class1,IC Class2,IC Class1
367,ASSOCIATE PROFESSOR,University of Washington,IC Class1,IC Class2,IC Class2,IC Class2,IC Class1
368,ASSOCIATE PROFESSOR,University of Washington,IC Class1,IC Class1,IC Class2,IC Class1,IC Class1
369,ASSISTANT PROFESSOR,University of Washington,IC Class1,IC Class1,IC Class2,IC Class2,IC Class1
370,ASSISTANT PROFESSOR,University of Washington,IC Class1,IC Class1,IC Class1,IC Class1,IC Class1
371,ASSOCIATE PROFESSOR,University of Washington,IC Class1,IC Class1,IC Class1,IC Class1,IC Class1
372,ASSOCIATE PROFESSOR,University of Washington,IC Class2,IC Class2,IC Class2,IC Class2,IC Class1
373,ASSOCIATE PROFESSOR,University of Washington,IC Class2,IC Class2,IC Class2,IC Class2,IC Class1
374,ASSISTANT PROFESSOR,University of Washington,IC Class1,IC Class1,IC Class1,IC Class2,IC Class1
375,ASSOCIATE PROFESSOR,University of Washington,IC Class1,IC Class1,IC Class1,IC Class2,IC Class1
376,ASSISTANT PROFESSOR,University of Washington,IC Class2,IC Class2,IC Class1,IC Class1,IC Class1
377,ASSOCIATE PROFESSOR,University of Washington,IC Class1,IC Class1,IC Class1,IC Class1,IC Class1
378,ASSISTANT PROFESSOR,University of Washington,IC Class1,IC Class1,IC Class1,IC Class1,IC Class1
379,ASSOCIATE PROFESSOR,University of Washington,IC Class1,IC Class1,IC Class2,IC Class2,IC Class1
380,ASSOCIATE PROFESSOR,University of Washington,IC Class1,IC Class1,IC Class1,IC Class1,IC Class1
381,ASSOCIATE PROFESSOR,University of Washington,IC Class1,IC Class1,IC Class1,IC Class1,IC Class1
382,ASSOCIATE PROFESSOR,University of Washington,IC Class2,IC Class2,IC Class2,IC Class1,IC Class1
383,ASSOCIATE PROFESSOR,University of Washington,IC Class2,IC Class2,IC Class2,IC Class2,IC Class1
384,ASSOCIATE PROFESSOR,University of Washington,IC Class2,IC Class1,IC Class2,IC Class2,IC Class1
385,ASSOCIATE PROFESSOR,University of Washington,IC Class1,IC Class2,IC Class1,IC Class2,IC Class1
386,ASSOCIATE PROFESSOR,University of Washington,IC Class1,IC Class1,IC Class1,IC Class1,IC Class1
387,ASSISTANT PROFESSOR,University of Washington,IC Class1,IC Class1,IC Class2,IC Class2,IC Class1
388,ASSISTANT PROFESSOR,University of Washington,IC Class1,IC Class1,IC Class1,IC Class2,IC Class1
389,ASSOCIATE PROFESSOR,University of Washington,IC Class2,IC Class2,IC Class2,IC Class2,IC Class1
390,ASSOCIATE PROFESSOR,University of Washington,IC Class2,IC Class2,IC Class2,IC Class2,IC Class1
391,ASSOCIATE PROFESSOR,University of Washington,IC Class1,IC Class1,IC Class1,IC Class1,IC Class1
392,ASSOCIATE PROFESSOR,University of Washington,IC Class2,IC Class2,IC Class2,IC Class2,IC Class1
393,ASSISTANT PROFESSOR,University of Washington,IC Class1,IC Class2,IC Class2,IC Class2,IC Class1
394,ASSOCIATE PROFESSOR,University of Washington,IC Class1,IC Class1,IC Class1,IC Class1,IC Class1
395,ASSOCIATE PROFESSOR,University of Washington,IC Class1,IC Class1,IC Class1,IC Class1,IC Class1
396,ASSISTANT PROFESSOR,University of Washington,IC Class1,IC Class2,IC Class2,IC Class2,IC Class1
397,ASSOCIATE PROFESSOR,University of Washington,IC Class1,IC Class1,IC Class1,IC Class1,IC Class1
398,ASSOCIATE PROFESSOR,University of Washington,IC Class2,IC Class2,IC Class2,IC Class2,IC Class1
399,ASSISTANT PROFESSOR,University of Washington,IC Class1,IC Class1,IC Class1,IC Class1,IC Class1
400,ASSISTANT PROFESSOR,University of Washington,IC Class1,IC Class1,IC Class1,IC Class1,IC Class1
401,ASSOCIATE PROFESSOR,University of Washington,IC Class1,IC Class1,IC Class1,IC Class1,IC Class1
402,ASSOCIATE PROFESSOR,University of Washington,IC Class1,IC Class1,IC Class1,IC Class1,IC Class1
403,ASSOCIATE PROFESSOR,University of Washington,IC Class1,IC Class1,IC Class1,IC Class1,IC Class1
404,ASSOCIATE PROFESSOR,University of Washington,IC Class1,IC Class1,IC Class1,IC Class1,IC Class1
405,ASSISTANT PROFESSOR,University of Washington,IC Class1,IC Class1,IC Class1,IC Class2,IC Class1
406,ASSOCIATE PROFESSOR,University of Washington,IC Class1,IC Class1,IC Class1,IC Class1,IC Class1
407,ASSOCIATE PROFESSOR,University of Washington,IC Class1,IC Class1,IC Class1,IC Class2,IC Class1
408,ASSOCIATE PROFESSOR,University of Washington,IC Class1,IC Class1,IC Class1,IC Class1,IC Class1
409,ASSOCIATE PROFESSOR,University of Washington,IC Class1,IC Class1,IC Class1,IC Class1,IC Class1
410,ASSISTANT PROFESSOR,University of Washington,IC Class1,IC Class2,IC Class2,IC Class2,IC Class1
411,ASSOCIATE PROFESSOR,University of Washington,IC Class1,IC Class1,IC Class1,IC Class1,IC Class1
412,ASSISTANT PROFESSOR,University of Washington,IC Class1,IC Class1,IC Class1,IC Class1,IC Class1
413,ASSISTANT PROFESSOR,University of Washington,IC Class1,IC Class1,IC Class1,IC Class1,IC Class1
414,ASSISTANT PROFESSOR,University of Washington,IC Class2,IC Class1,IC Class2,IC Class2,IC Class1
415,ASSOCIATE PROFESSOR,University of Washington,IC Class1,IC Class1,IC Class1,IC Class1,IC Class1
416,ASSISTANT PROFESSOR,University of Washington,IC Class1,IC Class1,IC Class1,IC Class1,IC Class1
417,ASSISTANT PROFESSOR,University of Washington,IC Class1,IC Class1,IC Class1,IC Class1,IC Class1
418,ASSISTANT PROFESSOR,University of Washington,IC Class2,IC Class2,IC Class2,IC Class2,IC Class1
419,ASSISTANT PROFESSOR,University of Washington,IC Class2,IC Class2,IC Class2,IC Class2,IC Class1
420,ASSOCIATE PROFESSOR,University of Washington,IC Class2,IC Class2,IC Class2,IC Class2,IC Class1
421,ASSISTANT PROFESSOR,University of Washington,IC Class1,IC Class1,IC Class1,IC Class1,IC Class1
422,ASSISTANT PROFESSOR,University of Washington,IC Class1,IC Class1,IC Class2,IC Class2,IC Class1
423,ASSOCIATE PROFESSOR,University of Washington,IC Class1,IC Class1,IC Class1,IC Class1,IC Class1
424,ASSISTANT PROFESSOR,University of Washington,IC Class1,IC Class1,IC Class1,IC Class1,IC Class1
425,ASSISTANT PROFESSOR,University of Washington,IC Class1,IC Class1,IC Class1,IC Class1,IC Class1
426,ASSOCIATE PROFESSOR,University of Washington,IC Class1,IC Class2,IC Class2,IC Class2,IC Class1
427,ASSISTANT PROFESSOR,University of Washington,IC Class1,IC Class1,IC Class1,IC Class1,IC Class1
428,ASSOCIATE PROFESSOR,University of Washington,IC Class1,IC Class1,IC Class1,IC Class1,IC Class1
429,PROFESSOR,Washington State University,IC Class2,IC Class2,IC Class3,IC Class3,IC Class4
430,PROFESSOR,Washington State University,IC Class3,IC Class3,IC Class3,IC Class4,IC Class4
431,PROFESSOR,Washington State University,IC Class2,IC Class2,IC Class2,IC Class2,IC Class3
432,PROFESSOR,Washington State University,IC Class3,IC Class3,IC Class3,IC Class3,IC Class3
433,PROFESSOR,Washington State University,IC Class2,IC Class2,IC Class3,IC Class3,IC Class3
434,PROFESSOR,Washington State University,IC Class2,IC Class2,IC Class2,IC Class3,IC Class3
435,PROFESSOR,Washington State University,IC Class2,IC Class2,IC Class2,IC Class3,IC Class3
436,PROFESSOR,Washington State University,IC Class2,IC Class2,IC Class3,IC Class3,IC Class3
437,PROFESSOR,Washington State University,IC Class3,IC Class3,IC Class3,IC Class3,IC Class3
438,PROFESSOR,Washington State University,IC Class2,IC Class2,IC Class2,IC Class2,IC Class3
439,PROFESSOR,Washington State University,IC Class2,IC Class2,IC Class2,IC Class3,IC Class3
440,PROFESSOR,Washington State University,IC Class2,IC Class2,IC Class2,IC Class2,IC Class2
441,PROFESSOR,Washington State University,IC Class2,IC Class2,IC Class3,IC Class3,IC Class2
442,PROFESSOR,Washington State University,IC Class2,IC Class2,IC Class2,IC Class2,IC Class2
443,ASSOCIATE PROFESSOR,Washington State University,IC Class2,IC Class2,IC Class2,IC Class2,IC Class2
444,PROFESSOR,Washington State University,IC Class1,IC Class2,IC Class2,IC Class2,IC Class2
445,PROFESSOR,Washington State University,IC Class2,IC Class2,IC Class2,IC Class2,IC Class2
446,PROFESSOR,Washington State University,IC Class2,IC Class2,IC Class2,IC Class2,IC Class2
447,PROFESSOR,Washington State University,IC Class2,IC Class2,IC Class2,IC Class2,IC Class2
448,PROFESSOR,Washington State University,IC Class2,IC Class2,IC Class2,IC Class2,IC Class2
449,PROFESSOR,Washington State University,IC Class2,IC Class2,IC Class2,IC Class2,IC Class2
450,PROFESSOR,Washington State University,IC Class2,IC Class2,IC Class2,IC Class2,IC Class2
451,PROFESSOR,Washington State University,IC Class2,IC Class2,IC Class2,IC Class2,IC Class2
452,PROFESSOR,Washington State University,IC Class2,IC Class2,IC Class2,IC Class2,IC Class2
453,PROFESSOR,Washington State University,IC Class2,IC Class2,IC Class2,IC Class2,IC Class2
454,PROFESSOR,Washington State University,IC Class2,IC Class2,IC Class2,IC Class2,IC Class2
455,PROFESSOR,Washington State University,IC Class2,IC Class2,IC Class2,IC Class2,IC Class2
456,ASSOCIATE PROFESSOR,Washington State University,IC Class2,IC Class2,IC Class2,IC Class2,IC Class2
457,ASSOCIATE PROFESSOR,Washington State University,IC Class2,IC Class1,IC Class2,IC Class2,IC Class2
458,ASSOCIATE PROFESSOR,Washington State University,IC Class2,IC Class2,IC Class2,IC Class2,IC Class2
459,PROFESSOR,Washington State University,IC Class2,IC Class2,IC Class2,IC Class2,IC Class2
460,PROFESSOR,Washington State University,IC Class2,IC Class2,IC Class2,IC Class2,IC Class2
461,ASSOCIATE PROFESSOR,Washington State University,IC Class2,IC Class2,IC Class2,IC Class2,IC Class2
462,ASSISTANT PROFESSOR,Washington State University,IC Class2,IC Class2,IC Class2,IC Class2,IC Class2
463,ASSISTANT PROFESSOR,Washington State University,IC Class2,IC Class2,IC Class2,IC Class2,IC Class2
464,PROFESSOR,Washington State University,IC Class1,IC Class1,IC Class1,IC Class1,IC Class2
465,PROFESSOR,Washington State University,IC Class2,IC Class2,IC Class2,IC Class2,IC Class2
466,PROFESSOR,Washington State University,IC Class2,IC Class2,IC Class2,IC Class2,IC Class2
467,PROFESSOR,Washington State University,IC Class2,IC Class2,IC Class2,IC Class2,IC Class2
468,ASSOCIATE PROFESSOR,Washington State University,IC Class2,IC Class2,IC Class2,IC Class2,IC Class2
469,ASSISTANT PROFESSOR,Central Washington University,IC Class2,IC Class2,IC Class2,IC Class2,IC Class2
470,PROFESSOR,Eastern Washington University,IC Class1,IC Class1,IC Class2,IC Class2,IC Class2
471,PROFESSOR,Washington State University,IC Class2,IC Class2,IC Class2,IC Class2,IC Class2
472,ASSOCIATE PROFESSOR,Washington State University,IC Class2,IC Class2,IC Class2,IC Class2,IC Class2
473,ASSOCIATE PROFESSOR,Washington State University,IC Class2,IC Class2,IC Class2,IC Class2,IC Class2
474,ASSOCIATE PROFESSOR,Washington State University,IC Class2,IC Class2,IC Class2,IC Class2,IC Class2
475,PROFESSOR,Washington State University,IC Class2,IC Class2,IC Class2,IC Class2,IC Class2
476,ASSOCIATE PROFESSOR,Washington State University,IC Class2,IC Class2,IC Class2,IC Class2,IC Class2
477,PROFESSOR,Washington State University,IC Class2,IC Class2,IC Class2,IC Class2,IC Class2
478,ASSISTANT PROFESSOR,Washington State University,IC Class1,IC Class1,IC Class2,IC Class2,IC Class2
479,PROFESSOR,Washington State University,IC Class2,IC Class2,IC Class2,IC Class2,IC Class2
480,PROFESSOR,Washington State University,IC Class2,IC Class2,IC Class2,IC Class2,IC Class2
481,PROFESSOR,Washington State University,IC Class2,IC Class2,IC Class2,IC Class2,IC Class2
482,ASSOCIATE PROFESSOR,Washington State University,IC Class1,IC Class1,IC Class2,IC Class2,IC Class2
483,ASSOCIATE PROFESSOR,Washington State University,IC Class2,IC Class2,IC Class2,IC Class2,IC Class2
484,ASSOCIATE PROFESSOR,Washington State University,IC Class2,IC Class2,IC Class2,IC Class2,IC Class2
485,PROFESSOR,Washington State University,IC Class2,IC Class2,IC Class2,IC Class2,IC Class2
486,PROFESSOR,Washington State University,IC Class2,IC Class2,IC Class2,IC Class2,IC Class2
487,ASSOCIATE PROFESSOR,Washington State University,IC Class1,IC Class1,IC Class2,IC Class2,IC Class2
488,ASSOCIATE PROFESSOR,Washington State University,IC Class2,IC Class2,IC Class2,IC Class2,IC Class2
489,PROFESSOR,Washington State University,IC Class1,IC Class1,IC Class1,IC Class1,IC Class2
490,ASSOCIATE PROFESSOR,Washington State University,IC Class1,IC Class1,IC Class2,IC Class2,IC Class2
491,ASSISTANT PROFESSOR,Washington State University,IC Class2,IC Class2,IC Class2,IC Class2,IC Class2
492,PROFESSOR,Washington State University,IC Class1,IC Class1,IC Class2,IC Class2,IC Class2
493,ASSOCIATE PROFESSOR,Washington State University,IC Class1,IC Class1,IC Class2,IC Class2,IC Class2
494,ASSISTANT PROFESSOR,Washington State University,IC Class1,IC Class1,IC Class2,IC Class2,IC Class2
495,PROFESSOR,Washington State University,IC Class1,IC Class1,IC Class2,IC Class2,IC Class2
496,PROFESSOR,Washington State University,IC Class2,IC Class2,IC Class2,IC Class2,IC Class2
497,ASSISTANT PROFESSOR,Washington State University,IC Class2,IC Class2,IC Class2,IC Class2,IC Class2
498,PROFESSOR,Washington State University,IC Class1,IC Class1,IC Class2,IC Class2,IC Class2
499,ASSOCIATE PROFESSOR,Washington State University,IC Class2,IC Class2,IC Class2,IC Class2,IC Class2
500,ASSOCIATE PROFESSOR,Washington State University,IC Class1,IC Class1,IC Class1,IC Class1,IC Class2
501,ASSOCIATE PROFESSOR,Washington State University,IC Class1,IC Class1,IC Class2,IC Class2,IC Class2
502,ASSOCIATE PROFESSOR,Washington State University,IC Class1,IC Class2,IC Class2,IC Class2,IC Class2
503,ASSOCIATE PROFESSOR,Washington State University,IC Class1,IC Class2,IC Class2,IC Class2,IC Class2
504,ASSISTANT PROFESSOR,Washington State University,IC Class1,IC Class1,IC Class2,IC Class1,IC Class2
505,ASSOCIATE PROFESSOR,Washington State University,IC Class2,IC Class2,IC Class2,IC Class2,IC Class2
506,ASSISTANT PROFESSOR,Washington State University,IC Class1,IC Class1,IC Class2,IC Class2,IC Class2
507,ASSISTANT PROFESSOR,Washington State University,IC Class1,IC Class1,IC Class1,IC Class2,IC Class2
508,ASSOCIATE PROFESSOR,Washington State University,IC Class1,IC Class1,IC Class2,IC Class2,IC Class2
509,ASSOCIATE PROFESSOR,Washington State University,IC Class2,IC Class2,IC Class2,IC Class2,IC Class2
510,ASSOCIATE PROFESSOR,Washington State University,IC Class1,IC Class1,IC Class1,IC Class1,IC Class2
511,ASSOCIATE PROFESSOR,Washington State University,IC Class2,IC Class2,IC Class2,IC Class2,IC Class2
512,PROFESSOR,Washington State University,IC Class1,IC Class1,IC Class1,IC Class2,IC Class2
513,PROFESSOR,Washington State University,IC Class1,IC Class1,IC Class1,IC Class1,IC Class2
514,ASSOCIATE PROFESSOR,Washington State University,IC Class2,IC Class2,IC Class2,IC Class2,IC Class2
515,PROFESSOR,Washington State University,IC Class2,IC Class2,IC Class2,IC Class2,IC Class2
516,PROFESSOR,Central Washington University,IC Class1,IC Class1,IC Class1,IC Class1,IC Class2
517,PROFESSOR,Washington State University,IC Class2,IC Class2,IC Class2,IC Class2,IC Class2
518,ASSISTANT PROFESSOR,Washington State University,IC Class1,IC Class1,IC Class1,IC Class1,IC Class2
519,PROFESSOR,Washington State University,IC Class1,IC Class1,IC Class1,IC Class2,IC Class2
520,ASSISTANT PROFESSOR,Washington State University,IC Class2,IC Class1,IC Class1,IC Class2,IC Class2
521,ASSOCIATE PROFESSOR,Washington State University,IC Class1,IC Class1,IC Class1,IC Class1,IC Class2
522,ASSOCIATE PROFESSOR,Washington State University,IC Class1,IC Class1,IC Class1,IC Class2,IC Class2
523,ASSOCIATE PROFESSOR,Washington State University,IC Class1,IC Class1,IC Class1,IC Class1,IC Class2
524,ASSOCIATE PROFESSOR,Washington State University,IC Class1,IC Class1,IC Class1,IC Class2,IC Class2
525,PROFESSOR,Washington State University,IC Class2,IC Class2,IC Class2,IC Class2,IC Class2
526,ASSOCIATE PROFESSOR,Washington State University,IC Class1,IC Class1,IC Class1,IC Class1,IC Class2
527,PROFESSOR,Washington State University,IC Class2,IC Class2,IC Class2,IC Class2,IC Class2
528,PROFESSOR,Washington State University,IC Class1,IC Class1,IC Class2,IC Class1,IC Class1
529,PROFESSOR,Washington State University,IC Class1,IC Class1,IC Class1,IC Class1,IC Class1
530,PROFESSOR,Washington State University,IC Class1,IC Class1,IC Class1,IC Class1,IC Class1
531,PROFESSOR,Eastern Washington University,IC Class1,IC Class1,IC Class2,IC Class1,IC Class1
532,PROFESSOR,Washington State University,IC Class1,IC Class1,IC Class1,IC Class1,IC Class1
533,ASSISTANT PROFESSOR,Washington State University,IC Class1,IC Class1,IC Class1,IC Class1,IC Class1
534,PROFESSOR,Eastern Washington University,IC Class1,IC Class1,IC Class1,IC Class1,IC Class1
535,PROFESSOR,Washington State University,IC Class2,IC Class1,IC Class2,IC Class1,IC Class1
536,ASSISTANT PROFESSOR,Washington State University,IC Class1,IC Class1,IC Class1,IC Class1,IC Class1
537,ASSOCIATE PROFESSOR,Washington State University,IC Class1,IC Class2,IC Class2,IC Class2,IC Class1
538,PROFESSOR,Washington State University,IC Class1,IC Class1,IC Class1,IC Class1,IC Class1
539,PROFESSOR,Washington State University,IC Class1,IC Class1,IC Class1,IC Class1,IC Class1
540,PROFESSOR,Eastern Washington University,IC Class1,IC Class1,IC Class1,IC Class1,IC Class1
541,PROFESSOR,Washington State University,IC Class1,IC Class2,IC Class1,IC Class2,IC Class1
542,ASSISTANT PROFESSOR,Washington State University,IC Class1,IC Class1,IC Class2,IC Class1,IC Class1
543,PROFESSOR,Washington State University,IC Class1,IC Class1,IC Class1,IC Class1,IC Class1
544,ASSOCIATE PROFESSOR,Washington State University,IC Class1,IC Class1,IC Class1,IC Class1,IC Class1
545,PROFESSOR,Washington State University,IC Class1,IC Class1,IC Class1,IC Class1,IC Class1
546,PROFESSOR,Washington State University,IC Class1,IC Class1,IC Class1,IC Class1,IC Class1
547,ASSOCIATE PROFESSOR,Washington State University,IC Class1,IC Class1,IC Class1,IC Class1,IC Class1
548,PROFESSOR,Washington State University,IC Class1,IC Class1,IC Class1,IC Class1,IC Class1
549,ASSOCIATE PROFESSOR,Washington State University,IC Class1,IC Class1,IC Class1,IC Class1,IC Class1
550,ASSISTANT PROFESSOR,Washington State University,IC Class1,IC Class1,IC Class1,IC Class1,IC Class1
551,ASSISTANT PROFESSOR,Washington State University,IC Class1,IC Class1,IC Class1,IC Class1,IC Class1
552,ASSOCIATE PROFESSOR,Washington State University,IC Class1,IC Class1,IC Class1,IC Class1,IC Class1
553,PROFESSOR,Washington State University,IC Class1,IC Class1,IC Class1,IC Class1,IC Class1
554,ASSOCIATE PROFESSOR,Washington State University,IC Class1,IC Class1,IC Class1,IC Class1,IC Class1
555,ASSOCIATE PROFESSOR,Washington State University,IC Class1,IC Class1,IC Class1,IC Class1,IC Class1
556,PROFESSOR,Washington State University,IC Class2,IC Class1,IC Class2,IC Class1,IC Class1
557,ASSOCIATE PROFESSOR,Washington State University,IC Class1,IC Class1,IC Class1,IC Class1,IC Class1
558,ASSISTANT PROFESSOR,Washington State University,IC Class1,IC Class1,IC Class1,IC Class1,IC Class1
559,ASSISTANT PROFESSOR,Washington State University,IC Class1,IC Class1,IC Class1,IC Class1,IC Class1
560,ASSOCIATE PROFESSOR,Washington State University,IC Class1,IC Class1,IC Class1,IC Class1,IC Class1
561,ASSISTANT PROFESSOR,Washington State University,IC Class1,IC Class1,IC Class1,IC Class1,IC Class1
562,ASSOCIATE PROFESSOR,Washington State University,IC Class1,IC Class1,IC Class1,IC Class1,IC Class1
563,ASSOCIATE PROFESSOR,Washington State University,IC Class1,IC Class1,IC Class1,IC Class1,IC Class1
564,PROFESSOR,Eastern Washington University,IC Class1,IC Class1,IC Class1,IC Class1,IC Class1
565,ASSOCIATE PROFESSOR,Eastern Washington University,IC Class1,IC Class1,IC Class1,IC Class1,IC Class1
566,ASSISTANT PROFESSOR,Washington State University,IC Class1,IC Class1,IC Class1,IC Class1,IC Class1
567,ASSOCIATE PROFESSOR,Washington State University,IC Class1,IC Class1,IC Class1,IC Class1,IC Class1
568,ASSISTANT PROFESSOR,Washington State University,IC Class1,IC Class1,IC Class1,IC Class1,IC Class1
569,PROFESSOR,Washington State University,IC Class1,IC Class1,IC Class1,IC Class1,IC Class1
570,ASSOCIATE PROFESSOR,Washington State University,IC Class1,IC Class1,IC Class1,IC Class1,IC Class1
571,ASSISTANT PROFESSOR,Washington State University,IC Class1,IC Class1,IC Class1,IC Class1,IC Class1
572,ASSOCIATE PROFESSOR,Washington State University,IC Class1,IC Class1,IC Class1,IC Class1,IC Class1
573,ASSOCIATE PROFESSOR,Washington State University,IC Class1,IC Class1,IC Class1,IC Class1,IC Class1
574,ASSISTANT PROFESSOR,Eastern Washington University,IC Class1,IC Class1,IC Class1,IC Class1,IC Class1
575,ASSISTANT PROFESSOR,Washington State University,IC Class1,IC Class1,IC Class1,IC Class1,IC Class1
576,ASSISTANT PROFESSOR,Washington State University,IC Class1,IC Class1,IC Class1,IC Class1,IC Class1
577,ASSOCIATE PROFESSOR,Washington State University,IC Class1,IC Class1,IC Class1,IC Class1,IC Class1
578,ASSOCIATE PROFESSOR,Washington State University,IC Class1,IC Class1,IC Class1,IC Class1,IC Class1
579,ASSISTANT PROFESSOR,Washington State University,IC Class1,IC Class1,IC Class1,IC Class1,IC Class1
580,PROFESSOR,Central Washington University,IC Class1,IC Class1,IC Class1,IC Class1,IC Class1
581,PROFESSOR,Washington State University,IC Class2,IC Class2,IC Class2,IC Class1,IC Class1
582,PROFESSOR,Washington State University,IC Class1,IC Class1,IC Class1,IC Class1,IC Class1
583,PROFESSOR,Washington State University,IC Class1,IC Class1,IC Class1,IC Class1,IC Class1
584,ASSISTANT PROFESSOR,Washington State University,IC Class1,IC Class1,IC Class1,IC Class1,IC Class1
585,PROFESSOR,Washington State University,IC Class1,IC Class1,IC Class1,IC Class1,IC Class1
