Name,Total Citations,h-index,5 year h-index,i10-index,5 year i10-index
"JOHNSON, RONALD",NA,NA,NA,NA,NA
"GE, WEILI",7433,13,11,14,12
"SIEGEL, STEPHAN",1850,15,14,19,18
"JAIN, APURVA",NA,NA,NA,NA,NA
"KOSKI, JENNIFER",NA,NA,NA,NA,NA
"DEMERJIAN, PETER",1010,10,10,10,10
"GILBERT, THOMAS",408,7,7,7,7
"CURTIS, ASHER",242,9,8,9,8
"SCHULZ, FLORIAN",117,3,3,2,2
"BROGAARD, JONATHAN",2525,13,13,13,13
"MAMANI, HAMED",NA,NA,NA,NA,NA
"WESTERFIELD, MARK",940,9,9,9,8
"DUCHIN, RAN",3206,15,15,18,17
"WAGNER, MICHAEL",532,11,10,15,11
"YOGANARASIMHAN, HEMA",342,7,7,7,7
"PATRICK, PAIGE",NA,NA,NA,NA,NA
"QUINN, PHILLIP",NA,NA,NA,NA,NA
"PATEL, SHWETAK",7009,43,34,104,98
"BLACKBURNE, TERRENCE",NA,NA,NA,NA,NA
"SHAIKH, SARAH",NA,NA,NA,NA,NA
"SIRMON, DAVID",11342,24,24,24,24
"TRIPATHY, ARINDAM",562,10,10,10,10
"RUTZ, OLIVER",916,10,10,11,10
"UMPHRESS, ELIZABETH",NA,NA,NA,NA,NA
"HALLEN, BENJAMIN",944,9,9,9,8
"IRAVANI, FOAD",121,4,4,3,3
"PAHNKE, EMILY",NA,NA,NA,NA,NA
"ZHANG, XIA",NA,NA,NA,NA,NA
"BORAH, ABHISHEK",84,4,4,3,3
"SEMINARIO, ANA",NA,NA,NA,NA,NA
"BIGLEY, GREGORY",NA,NA,NA,NA,NA
"BARNES, CHRISTOPHER",2345,26,26,32,32
"HRDLICKA, CHRISTOPHER",108,4,4,4,3
"SAYEDI ROSH KHAR, SEYED",NA,NA,NA,NA,NA
"TAN, DAVID",570,6,6,4,4
"SHUNKO, MARIA",NA,NA,NA,NA,NA
"ROBERTS, FRANK",NA,NA,NA,NA,NA
"ACIKMESE, BEHCET",NA,NA,NA,NA,NA
"ZHANG, CRYSTAL",NA,NA,NA,NA,NA
"SHULMAN, JEFFREY",444,8,8,8,8
"DUNN, LEA",126,3,3,2,2
"HILLIER, MARK",NA,NA,NA,NA,NA
"DEWENTER, KATHRYN",2770,13,8,13,8
"DEMIRKAN, HALUK",3906,23,19,49,35
"GUPTA, ABHINAV",136,5,5,4,4
"POSNER, JONATHAN",3164,29,25,56,46
"PURDY, JILL",1153,11,10,15,10
"CHEN, SHI",2744,26,25,28,28
"HWANG, HYEUNJUNG",NA,NA,NA,NA,NA
"FAN, MING",3549,23,17,27,22
"KNUDSEN, SANNE",NA,NA,NA,NA,NA
"YANG, JIHUI",8538,47,37,113,96
"WU, JIANQING",NA,NA,NA,NA,NA
"CEZE, LUIS",7136,39,32,80,70
"MCCORMACK, SHANNON",NA,NA,NA,NA,NA
"JOSEPH, GAIL",NA,NA,NA,NA,NA
"ZHOU, YONGPIN",1910,20,16,37,23
"BRYAN, DANIEL",NA,NA,NA,NA,NA
"HEER, JEFFREY",12841,53,46,97,83
"HOSSAIN, FAISAL",6758,30,23,75,62
"CHI, DONALD",778,16,16,30,28
"CALO, MICHAEL",NA,NA,NA,NA,NA
"SEOW, GIM",NA,NA,NA,NA,NA
"REYNOLDS, MATTHEW",4121,32,26,73,60
"DOOGAR, RAJIB",639,10,9,10,9
"FEHR, RYAN",1180,12,11,12,11
"SEELIG, GEORG",3389,19,16,24,21
"ZETTLEMOYER, LUKE",5251,37,31,67,59
"SAID, ZAHR",84,5,5,3,3
"SMITH, NOAH",13123,57,46,158,142
"GOODCHILD, ANNE",892,16,12,21,15
"SMITH, JOSHUA",9815,52,42,113,107
"DURAN, BONNIE",6564,33,26,59,44
"ZHANG, ZAOZAO",NA,NA,NA,NA,NA
"ANDERSON, CHRISTOPHER",NA,NA,NA,NA,NA
"FOX, EMILY",2060,23,22,34,33
"OZKAN-SEELY, GULRU",51,3,3,2,2
"BALAZINSKA, MAGDALENA",10964,48,40,92,81
"HONIG, MEREDITH",NA,NA,NA,NA,NA
"REYNOLDS, SCOTT",NA,NA,NA,NA,NA
"FOGARTY, JAMES",4676,37,30,67,61
"THORNOCK, JAKE",NA,NA,NA,NA,NA
"EVANS-CAMPBELL, TERESA",1649,16,13,17,16
"FRITZEN, SCOTT",NA,NA,NA,NA,NA
"AISENBERG, EUGENE",NA,NA,NA,NA,NA
"OH, HYUNG",NA,NA,NA,NA,NA
"XU, XIAODONG",12229,47,41,79,76
"DUVVURI, SRI",NA,NA,NA,NA,NA
"HARDIN, LORNA",NA,NA,NA,NA,NA
"RICE, EDWARD",NA,NA,NA,NA,NA
"WILLS, DOUGLAS",NA,NA,NA,NA,NA
"GHATE, ARCHIS",427,12,10,14,12
"CAO, ZHIYAN",NA,NA,NA,NA,NA
"LENG, FEI",NA,NA,NA,NA,NA
"DAVALOS, SERGIO",NA,NA,NA,NA,NA
"TOWNSEND, MICHAEL",NA,NA,NA,NA,NA
"WITTEN, DANIELA",9201,32,31,52,49
"KIOKO, SHARON",NA,NA,NA,NA,NA
"TRAPIDO, DENIS",NA,NA,NA,NA,NA
"AROLA, DWAYNE",5666,42,35,115,94
"OSKIN, MARK",3427,28,22,52,34
"PATHAK, SURYA",794,10,7,11,6
"MERCHANT, ALTAF",557,13,12,15,15
"DEUTSCH, CURTIS",NA,NA,NA,NA,NA
"COLE, ALLISON",193,7,7,4,4
"WOBBROCK, JACOB",9921,51,43,113,99
"AVILA, SOPHIE",NA,NA,NA,NA,NA
"ERDLY, WILLIAM",NA,NA,NA,NA,NA
"LOWE, CELIA",NA,NA,NA,NA,NA
"HILL, HEATHER",461,14,11,18,12
"JOSEPH, RALINA",NA,NA,NA,NA,NA
"DE CASTRO, ARNOLD",NA,NA,NA,NA,NA
"MASTRANGELO, CHRISTINA",NA,NA,NA,NA,NA
"SHEA-BROWN, ERIC",4072,27,22,47,41
"JINDAL, RUPINDER",229,4,4,4,4
"CHEN, YU-CHIN",NA,NA,NA,NA,NA
"LORIG, MATTHEW",299,10,10,10,10
"MUENCH, STEPHEN",782,14,11,21,12
"MOHAMMED, SELINA",NA,NA,NA,NA,NA
"NORMAN, STEPHEN",43,3,3,1,1
"TORLAK, EMINA",1604,16,14,25,22
"GOLLAKOTA, SHYAMNATH",NA,NA,NA,NA,NA
"PFAENDTNER, WALTER",NA,NA,NA,NA,NA
"BORENSTEIN, ELHANAN",4857,29,26,45,42
"KENNEDY, DEANNA",419,12,12,15,15
"NAM, HYORYUNG",61,2,2,1,1
"BEKEMEIER, ELIZABETH",NA,NA,NA,NA,NA
"FARHADI, ALI",6018,30,28,50,48
"THOMAS, WENDY",3187,28,21,43,39
"SNIADECKI, NATHAN",3254,23,22,28,26
"KAKADE, SHAM",9938,51,42,92,83
"GAO, XIAOHU",19987,47,39,80,73
"MURRAY, SCOTT",3169,28,24,35,35
"BIERER, JULIE",NA,NA,NA,NA,NA
"KRISHNAMURTHY, ARVIND",NA,NA,NA,NA,NA
"MERRIKH, HOURA",552,11,11,12,12
"RICE, KENNETH",18439,61,53,141,125
"RIFFELL, JEFFREY",2446,23,22,33,31
"GUESTRIN, CARLOS",20706,62,45,117,103
"KIRTLEY, ALAN",NA,NA,NA,NA,NA
"PARANJPE, AVINA",NA,NA,NA,NA,NA
"ZANG, DONGSHENG",NA,NA,NA,NA,NA
"BERGER, ARNOLD",NA,NA,NA,NA,NA
"LUCERO, JOSE",NA,NA,NA,NA,NA
"KOHNO, TADAYOSHI",12692,55,45,112,99
"KO, ANDREW",5036,33,27,65,52
"IMAIZUMI, TAKATO",4974,27,25,35,33
"TODOROV, EMANUIL",NA,NA,NA,NA,NA
"KOTSAKIS, GEORGIOS",812,13,13,16,16
"TATLOCK, ZACHARY",639,11,11,14,13
"OVEIS GHARAN, SHAYAN",1084,16,16,18,18
"MININ, VOLODYMYR",NA,NA,NA,NA,NA
"WANG, XI",1240,16,15,17,17
"FAZEL SARJOUI, MARYAM",NA,NA,NA,NA,NA
"QUEITSCH, CHRISTINE",3436,22,20,28,26
"ZHANG, BAOSEN",879,13,13,16,16
"DOGAN, SAMI",NA,NA,NA,NA,NA
"MILLER, JAMES",12784,63,19,204,53
"POZZO, LILO",1224,24,20,37,34
"KERR, KATHLEEN",NA,NA,NA,NA,NA
"LEE, SU-IN",3355,17,16,23,21
"ZHANG, HAI",NA,NA,NA,NA,NA
"BARSNESS, ZOE",NA,NA,NA,NA,NA
"ALISEDA, ALBERTO",860,12,11,17,14
"DURKEE, MELISSA",33,4,3,1,1
"THORNTON, TIMOTHY",1330,19,18,25,25
"EBERLY, MARION",1441,8,8,7,6
"REINECKE, KATHARINA",1057,17,15,20,18
"LEPE, XAVIER",NA,NA,NA,NA,NA
"HERRANZ, JOAQUIN",NA,NA,NA,NA,NA
"FOLCH, ALBERT",6737,39,28,66,55
"KIENTZ, JULIE",3918,29,24,58,52
"DOBRA, ADRIAN",2661,26,18,37,25
"HORNER-DEVINE, ALEXANDER",891,16,14,22,19
"FERRANTE, ANTONINO",972,12,9,12,9
"KANNAN, SREERAM",316,10,8,12,8
"MANHEIM, ELISABETH",NA,NA,NA,NA,NA
"WARTMAN, JOSEPH",1255,20,16,28,21
"CHOI, YEJIN",4650,28,27,44,43
"TENNIS, JOSEPH",NA,NA,NA,NA,NA
"DUNHAM, MAITREYA",5936,29,25,51,49
"TAO, JING",NA,NA,NA,NA,NA
"WOODY, ANDREA",NA,NA,NA,NA,NA
"SIMONEN, KATHRINA",49,4,4,1,1
"CAKMAK, MAYA",1975,22,20,35,32
"ROESNER, FRANZISKA",2597,15,15,19,18
"BOSS, ALAN",577,9,9,9,9
"ASUNCION, HAZELINE",NA,NA,NA,NA,NA
"FLAKE, NATASHA",NA,NA,NA,NA,NA
"BAI, YAN",NA,NA,NA,NA,NA
"GOMEZ, JUAN",NA,NA,NA,NA,NA
"BANG, MEGAN",NA,NA,NA,NA,NA
"CAROTHERS, JAMES",1735,14,13,16,14
"GOODREAU, STEVEN",4688,24,21,34,29
"DAVIS, JENNIFER",NA,NA,NA,NA,NA
"SUBRAMANIAN, VENKAT",2899,28,23,53,40
"ATHREYA, JAYADEV",369,11,8,13,8
"POLAGYE, BRIAN",1406,20,17,33,26
"NASCIMENTO, ANDERSON",1075,19,14,31,20
"LEE, HEDWIG",NA,NA,NA,NA,NA
"ZENG, YAO",60,5,5,2,2
"LEACHE, ADAM",3553,25,21,41,39
"RATNER, DANIEL",2734,29,23,44,39
"DAVIS, KATHARINE",NA,NA,NA,NA,NA
"MAX, LUDO",1362,18,13,24,17
"SAURO, HERBERT",9936,38,26,84,61
"FRIERSON, DARGAN",4639,39,33,59,55
"DORSEY, SHANNON",3035,32,25,49,43
"LUNDQUIST, JESSICA",2714,30,26,49,49
"TOLENTINO, MATTHEW",179,7,6,6,5
"CHEN, MIN",1962,17,15,28,25
"YANG, MUJEUNG",89,7,6,3,3
"WEST, JEVIN",1873,19,16,26,22
"FOUGHT, SHARON",NA,NA,NA,NA,NA
"BURDEN, SAMUEL",NA,NA,NA,NA,NA
"SUAREZ, DAVID",NA,NA,NA,NA,NA
"KLAVINS, ERIC",3544,33,18,51,28
"INGALLS, ANITRA",2866,26,22,35,33
"HOWARD, MAUREEN",NA,NA,NA,NA,NA
"MOORE, ADAM",967,17,13,18,14
"STETSON, DANIEL",5294,23,21,25,24
"SIMON, NOAH",NA,NA,NA,NA,NA
"LEE, ADRIAN",627,15,13,21,18
"ISTANBULLUOGLU, ERKAN",1529,24,21,31,30
"SIVADAS, EUGENE",4213,19,16,24,22
"GODFREY, EMILY",NA,NA,NA,NA,NA
"LAGESSE, BRENT",130,7,5,5,3
"OSANLOO, ARZOO",NA,NA,NA,NA,NA
"DEFOREST, COLE",2196,15,15,15,15
"BALASSONE, MARY",NA,NA,NA,NA,NA
"KIM, DEOK-HO",5971,39,34,86,74
"TAN, XU",336,6,5,3,3
"PASUPATHY, ANITHA",2749,15,13,16,15
"HEATH, RACHEL",322,5,5,4,4
"HUANG, SHUAI",560,10,10,10,10
"KEMELMAHER, IRENA",NA,NA,NA,NA,NA
"LIU, SHAN",401,6,6,6,6
"ROTHVOSS, THOMAS",1384,20,18,34,26
"MOSKAL, LUDMILA",NA,NA,NA,NA,NA
"BERMAN, JEFFREY",1446,18,16,35,28
"CHREPA, VARVARA",NA,NA,NA,NA,NA
"SOLOMON, EVAN",NA,NA,NA,NA,NA
"BEJAN, CAMELIA",111,6,4,2,2
"HAWKINS, RAYMOND",NA,NA,NA,NA,NA
"KESKIN, TAYFUN",NA,NA,NA,NA,NA
"SATHE, VISVESH",743,15,11,19,13
"FOWLER, DOUGLAS",3469,17,17,23,21
"MISSALL, KRISTEN",NA,NA,NA,NA,NA
"ZHANG, BO",2756,25,25,39,37
"KING, KEVIN",2778,26,24,40,40
"SHORES, DONNA",NA,NA,NA,NA,NA
"KEISTER, JULIE",NA,NA,NA,NA,NA
"BARRETO, PAULO",6742,30,22,55,42
"MAJUMDAR, ARKA",2271,25,23,43,42
"RABOTYAGOV, SERGEY",525,13,12,15,14
"SCHMIDT, DAVID",NA,NA,NA,NA,NA
"OLSON, KRISTINA",2821,27,26,41,39
"YANG, JINKYU",1313,19,18,31,28
"CARONE, MARCO",839,16,14,20,20
"KENNEY, NANCY",1151,16,6,21,3
"KOVALESKY, ANDREA",NA,NA,NA,NA,NA
"LEDERER, JOHANNES",NA,NA,NA,NA,NA
"HARRIS, ALEXES",NA,NA,NA,NA,NA
"LEUKHINA, OKSANA",210,7,7,5,5
"PRAT, CHANTEL",1338,19,17,22,19
"SPIRO, EMMA",560,14,14,15,15
"STEVENS, CHRISTINE",NA,NA,NA,NA,NA
"TRAPNELL, BRUCE",NA,NA,NA,NA,NA
"KUNZE, KENT",NA,NA,NA,NA,NA
"JONES, JANINE",822,9,8,8,7
"WEI, XIAHUA",NA,NA,NA,NA,NA
"HOSSEIN ABADI, SHIMA",NA,NA,NA,NA,NA
"SUESS, BECKY",NA,NA,NA,NA,NA
"GRANT, STEPHANIE",NA,NA,NA,NA,NA
"THAMILARASU, GEETHAPRIYA",273,9,8,8,5
"BLINOV, BORIS",NA,NA,NA,NA,NA
"HOLMBERG, VINCENT",867,15,14,16,15
"ROESLER, AXEL",NA,NA,NA,NA,NA
"STEELE, KATHERINE",783,13,13,14,14
"MEEK, CHRISTOPHER",NA,NA,NA,NA,NA
"HAZLET, THOMAS",NA,NA,NA,NA,NA
"BRUNTON, STEVEN",1820,22,22,36,35
"BUSTILLOS, DANIEL",NA,NA,NA,NA,NA
"KALIKOFF, BETH",NA,NA,NA,NA,NA
"THOMPSON, TRACY",1813,13,10,14,10
"NARANG, ANSHU",82,5,4,2,2
"MERZ, ALEXEY",NA,NA,NA,NA,NA
"YIP, JASON",418,12,11,14,13
"ARAGON, CECILIA",5678,30,27,50,41
"KRAMER, PATRICIA",NA,NA,NA,NA,NA
"ROSNER, DANIELA",1446,19,19,32,32
"DAHYA, NEGIN",70,4,4,3,3
"CHATTERJEE, JOYDEEP",NA,NA,NA,NA,NA
"BRECKWICH, VICTORIA",640,10,9,10,8
"FINN, MEGAN",NA,NA,NA,NA,NA
"ISOHERRANEN, NINA",3534,36,26,74,65
"ARMOUR, KYLE",913,16,16,17,17
"DEHAAN, EDUARD",NA,NA,NA,NA,NA
"NANCE, ELIZABETH",908,13,12,15,14
"BARRIA-ROMAN, ANDRES",NA,NA,NA,NA,NA
"COOKE, CHERYL",NA,NA,NA,NA,NA
"SANTANA MATA, SHARLENE",NA,NA,NA,NA,NA
"MAIBAUM, LUTZ",NA,NA,NA,NA,NA
"MAO, QINGCHENG",NA,NA,NA,NA,NA
"DUPUIS, MARC",65,3,3,1,1
"LOTT, JOE",NA,NA,NA,NA,NA
"WALSH, WALTER",NA,NA,NA,NA,NA
"ADLER, STUART",6370,22,18,37,25
"ANGOTTI, ROBIN",252,10,8,11,4
"COLLINS, PAUL",NA,NA,NA,NA,NA
"GAVIN, AMELIA",NA,NA,NA,NA,NA
"WANG, LIGUO",NA,NA,NA,NA,NA
"BRANCH, TREVOR",6267,36,32,70,59
"ROMICH, JENNIFER",920,15,9,18,9
"STUBER, JENNIFER",NA,NA,NA,NA,NA
"SALATHE, ERIC",4227,37,25,69,43
"VOGT, DANIEL",NA,NA,NA,NA,NA
"GAGNON, ALEXANDER",759,15,15,16,16
"HORWITZ, GREGORY",1617,18,15,24,19
"LI, YING",774,14,14,15,15
"SCHLENKER, CODY",2576,20,20,24,22
"WEBSTER, JOHN",NA,NA,NA,NA,NA
"YOON, WOON",749,16,12,24,16
"ARAVKIN, ALEKSANDR",1267,19,17,38,33
"MORRIS, ROBERT",2642,18,17,18,18
"ROLAND SAENGER, EMILY",NA,NA,NA,NA,NA
"SWANN, ABIGAIL",446,9,8,8,7
"FRYBERG, STEPHANIE",2552,22,20,26,25
"LUSCOMBE, CHRISTINE",4476,33,29,57,54
"GHIRMAI, TADESSE",NA,NA,NA,NA,NA
"HENDRY, DAVID",936,18,12,28,13
"ADOLPH, CHRISTOPHER",791,11,9,12,8
"GREENGROVE, CHERYL",NA,NA,NA,NA,NA
"GIRE, DAVID",581,9,9,9,9
"BOECHLER, NICHOLAS",NA,NA,NA,NA,NA
"YOUNG, DIANE",NA,NA,NA,NA,NA
"LAWLER, JOSHUA",7479,42,36,76,68
"TOTAH, RHEEM",NA,NA,NA,NA,NA
"SALK, JENNIFER",NA,NA,NA,NA,NA
"STONE, JOHN",NA,NA,NA,NA,NA
"KOT, MARK",6085,27,18,36,25
"SMITH, ANTONY",NA,NA,NA,NA,NA
"PAUZAUSKIE, PETER",5159,24,21,33,30
"TURNBLOM, ERIC",NA,NA,NA,NA,NA
"ROY CHOWDHURY, SOHINI",336,8,8,8,8
"BONUS, ENRIQUE",NA,NA,NA,NA,NA
"CHEN, YEN-WEI",NA,NA,NA,NA,NA
"ETTL, GREGORY",NA,NA,NA,NA,NA
"BRUNTON, BINGNI",816,11,11,13,12
"HULLMAN, JESSICA",548,11,11,11,11
"SNYDER, JAIME",170,7,6,5,4
"BURA, RENATA",3218,18,18,21,19
"ROBERTS, STEVEN",2036,25,20,44,36
"SMALLWOOD, STEPHANIE",NA,NA,NA,NA,NA
"STARBIRD, CATHARINE",NA,NA,NA,NA,NA
"MOTLEY, MICHAEL",563,13,11,18,14
"YEATMAN, JASON",3375,21,20,31,31
"NOVETZKE, CHRISTIAN",NA,NA,NA,NA,NA
"PAREDEZ, ALEXANDER",3263,12,12,12,12
"KIM, SOO-HYUNG",1846,23,17,33,29
"LEVESQUE, EMILY",NA,NA,NA,NA,NA
"PENG, YANG",463,9,8,9,7
"GRIGGS, JAMES",NA,NA,NA,NA,NA
"DILLON, BRIAN",164,5,5,3,3
"VILLEN, JUDIT",18594,44,39,60,58
"STEVENS, KELLY",1874,13,11,15,12
"MUNSON, SEAN",2114,24,23,39,35
"LEE, KELLY",NA,NA,NA,NA,NA
"COOK, JOSEPH",500,12,10,15,11
"PEPPER, MARION",3135,24,22,29,28
"SAVAN, RAM",NA,NA,NA,NA,NA
"FRANCETICH, ALEJANDRO",NA,NA,NA,NA,NA
"GIMBEL-SHERR, SARAH",NA,NA,NA,NA,NA
"BAN, XUEGANG",2969,23,21,49,41
"PIANKO, NOAM",110,6,5,2,2
"HAGUE, CHRIS",NA,NA,NA,NA,NA
"INOUE, ASAO",NA,NA,NA,NA,NA
"KOSACK, STEPHEN",NA,NA,NA,NA,NA
"GHOFRANI, MAHMOUD",774,13,13,15,15
"KOLODZIEJ, EDWARD",1150,14,14,16,15
"NELSON, ALSHAKIM",3109,30,25,52,43
"OBERST, ANDREW",NA,NA,NA,NA,NA
"TENG, FANGZHEN",3744,36,34,60,58
"CHAN, KWUN",874,14,14,18,18
"WOODWARD, JOSHUA",1922,20,17,25,25
"DENNISON, JEAN",NA,NA,NA,NA,NA
"LEE, JAMES",22788,42,29,803,195
"YOU, SETTHIVOINE",476,10,7,10,5
"ABDEL AZIZ, AHMED",571,7,7,7,3
"HSIEH, GARY",1637,18,16,26,21
"KAMINSKY, JESSICA",83,5,5,3,3
"MCQUINN, MATTHEW",NA,NA,NA,NA,NA
"DEVINE, EMILY",NA,NA,NA,NA,NA
"SAEED, SAMAH",NA,NA,NA,NA,NA
"GARCIA, MARIA",NA,NA,NA,NA,NA
"WALKER, AMY",NA,NA,NA,NA,NA
"MORALES, MIGUEL",5911,38,34,98,86
"CHATTERJEE, CHAMPAK",NA,NA,NA,NA,NA
"HOLTGRIEVE, GORDON",1165,18,17,21,21
"PAUN, DOROTHY",NA,NA,NA,NA,NA
"PRESLAND, RICHARD",4392,32,19,44,33
"VIRAY, BIANCA",NA,NA,NA,NA,NA
"MCCOY, KATRYNA",NA,NA,NA,NA,NA
"PAL, SOUMIK",598,14,13,18,17
"BAKKER, JONATHAN",3253,31,28,50,47
"CARLYLE, ALLYSON",392,10,5,11,1
"TARICANI, JOANN",NA,NA,NA,NA,NA
"STOLL, STEFAN",NA,NA,NA,NA,NA
"BEAUDOIN, KATHLEEN",NA,NA,NA,NA,NA
"BARRINGTON, WENDY",NA,NA,NA,NA,NA
"KOZUKI, YORIKO",NA,NA,NA,NA,NA
"DRUSVYATSKIY, DMITRIY",458,12,12,14,14
"OLDEN, JULIAN",19584,69,56,172,161
"WEST, ELIZABETH",270,7,7,7,7
"KRUG, ANITA",NA,NA,NA,NA,NA
"TOTH, SANDOR",NA,NA,NA,NA,NA
"SULLIVAN, JANE",NA,NA,NA,NA,NA
"GARDNER, RICHARD",4500,26,16,56,25
"EAGEN, MEGHAN",22,2,2,1,1
"BUCKLEY, LAUREN",5371,31,30,52,49
"RUDELL, JACQUES",1972,14,11,20,13
"STOCCO, ANDREA",1097,16,14,18,15
"TRAXLER, BETH",NA,NA,NA,NA,NA
"WINKLER, MARIKAROLIINA",NA,NA,NA,NA,NA
"SALVIATO, MARCO",537,12,11,15,13
"WINN, MATTHEW",NA,NA,NA,NA,NA
"BEANE, SILAS",6541,52,29,88,57
"FU, KAI-MEI",2723,24,21,38,34
"KURU, SELIM",NA,NA,NA,NA,NA
"LEE, CHARLOTTE",1531,18,17,26,25
"WERTH, BRIAN",446,13,13,15,15
"WALSH, ELAINE",NA,NA,NA,NA,NA
"HSU, SHIH-CHIEH",NA,NA,NA,NA,NA
"DOSSICK, CARRIE",1016,15,14,19,17
"NARANJO, JASON",NA,NA,NA,NA,NA
"WANG, JUNLAN",NA,NA,NA,NA,NA
"BANERJEE, ASHIS",1132,14,14,17,16
"ZHENG, YING",1392,19,16,28,25
"ASAH, STANLEY",896,13,12,14,14
"BLACK, DOUGLAS",NA,NA,NA,NA,NA
"FULLER, SAWYER",1751,14,11,16,12
"HILLYARD, CINNAMON",257,8,8,8,5
"SADAK, TATIANA",NA,NA,NA,NA,NA
"KIM, DAEHYUN",2186,26,24,43,41
"TSAO, ANDREW",NA,NA,NA,NA,NA
"VAUGHAN, JOSHUA",NA,NA,NA,NA,NA
"MOORE, MEGAN",110,7,6,5,5
"LIU, QINGHANG",NA,NA,NA,NA,NA
"KIM, AMY",42,4,4,2,1
"COLLINS, STEVEN",NA,NA,NA,NA,NA
"GOMEZ, RICARDO",1636,23,16,35,25
"CHEN, QIUZI",NA,NA,NA,NA,NA
"PAPARELLA, PIETRO",43,4,4,1,1
"PATTERSON, MARK",NA,NA,NA,NA,NA
"KUNZ, WILLIAM",NA,NA,NA,NA,NA
"KIM, WOOYOUNG",NA,NA,NA,NA,NA
"CAO, HUNG",592,12,12,16,14
"DETWILER, JASON",NA,NA,NA,NA,NA
"WIEBE, RICHARD",NA,NA,NA,NA,NA
"WITHERS, SUZANNE",NA,NA,NA,NA,NA
"ZALATAN, JESSE",NA,NA,NA,NA,NA
"BUTMAN, DAVID",1883,17,16,19,19
"GARDNER, TREVOR",NA,NA,NA,NA,NA
"GERNER, MICHAEL",NA,NA,NA,NA,NA
"WILLS, ANDREA",NA,NA,NA,NA,NA
"DISTILIO, VERONICA",1665,19,14,23,19
"ISHIMARU, ANN",NA,NA,NA,NA,NA
"GU, LIANGCAI",979,17,15,17,16
"RENIERE, MICHELLE",NA,NA,NA,NA,NA
"TSAI, JENNY",NA,NA,NA,NA,NA
"RAO, ANUP",1482,19,17,26,19
"THOMPSON, RIKI",162,5,5,4,4
"BRIDGE, JOHN",NA,NA,NA,NA,NA
"CHAPMAN, RACHEL",NA,NA,NA,NA,NA
"LAING, SHARON",220,9,8,9,7
"KANTROWITZ-GORDON, IRA",618,7,7,5,5
"KRUZICH, JEAN",NA,NA,NA,NA,NA
"BUSH, MATTHEW",3554,33,24,44,40
"REYES, DAVID",NA,NA,NA,NA,NA
"SHANKAR, S",540,8,8,8,8
"BECKER, BONNIE",609,8,8,8,8
"COSSAIRT, BRANDI",NA,NA,NA,NA,NA
"BLUMENSTOCK, JOSHUA",NA,NA,NA,NA,NA
"TURNER, JACK",NA,NA,NA,NA,NA
"HOPPINS, SUZANNE",NA,NA,NA,NA,NA
"MCLAREN, BRIAN",NA,NA,NA,NA,NA
"KHALIL, MUNIRA",3371,25,21,37,33
"PACE, AMY",143,5,5,3,3
"O'CONNOR, MARY",NA,NA,NA,NA,NA
"TZOU, CARRIE",NA,NA,NA,NA,NA
"CHERYAN, SAPNA",2610,21,19,25,24
"LERUM, KARI",476,8,8,8,8
"HETMANIUK, ULRICH",1118,16,12,24,15
"RAYNOR, DEIRDRE",NA,NA,NA,NA,NA
"MARTINSON, MELISSA",303,7,7,7,7
"PORTER, DEBORAH",NA,NA,NA,NA,NA
"RIGBY, JESSICA",148,4,4,4,3
"AW, TAR",NA,NA,NA,NA,NA
"NASH, LINDA",NA,NA,NA,NA,NA
"DIMAIO, FRANK",NA,NA,NA,NA,NA
"KOLLMAN, JUSTIN",1921,18,15,20,16
"CICHOWSKI, RACHEL",NA,NA,NA,NA,NA
"VEESLER, DAVID",1387,21,21,31,29
"EISENBERG, DANIEL",1777,21,18,31,29
"UDELL, WADIYA",955,11,10,11,10
"BACCI, JENNIFER",NA,NA,NA,NA,NA
"LORETO, MILAGROS",NA,NA,NA,NA,NA
"TWEEDIE, JAMES",114,6,5,5,2
"FU, DAN",1976,22,19,28,26
"MACKENZIE, DONALD",452,9,7,9,7
"FELD, ANDREW",NA,NA,NA,NA,NA
"POPOWICS, TRACY",NA,NA,NA,NA,NA
"MILLER, DANA",430,9,7,9,7
"ROBERTS, CARLY",93,6,6,4,4
"YOUNG, JODI",959,12,12,12,12
"JOHNSON, SUSAN",694,8,7,4,4
"KELLEY, MATTHEW",74,5,5,2,2
"FRANCIS, MEGAN",NA,NA,NA,NA,NA
"LANDIS, ANDREA",NA,NA,NA,NA,NA
"GAWEL, JAMES",327,10,7,10,3
"JUNG, MOON-HO",NA,NA,NA,NA,NA
"PRUGH, LAURA",1984,18,15,20,20
"AU, WAYNE",14957,63,43,250,179
"TOBIN, PATRICK",2845,28,22,62,43
"MACK, EDWARD",NA,NA,NA,NA,NA
"VARGHESE, MANKA",1667,15,13,20,16
"CARLISLE, SHAUNA",NA,NA,NA,NA,NA
"SHLIZERMAN, ELI",415,12,10,14,11
"TANG, HSIN-YI",NA,NA,NA,NA,NA
"WHITING, SUSAN",1378,11,7,15,6
"KWON, YOUNG",934,13,11,13,11
"RYBKA, GRAY",NA,NA,NA,NA,NA
"TAYLOR, KATHERINE",NA,NA,NA,NA,NA
"SUN, MIN",8864,49,25,143,62
"MUDZIMIRI, REJOICE",NA,NA,NA,NA,NA
"SHENG, JIE",NA,NA,NA,NA,NA
"MEEKER, KATHLEEN",323,8,8,8,8
"CHRISTIE, RICHARD",NA,NA,NA,NA,NA
"SPENCER, KRISTIE",NA,NA,NA,NA,NA
"JOSLYN, SUSAN",878,19,15,25,20
"RIOS, JOSE",NA,NA,NA,NA,NA
"BETRUS, PATRICIA",NA,NA,NA,NA,NA
"DABIRI, DANA",NA,NA,NA,NA,NA
"KIER, ELIZABETH",1474,9,7,9,6
"WATTS, RICHARD",NA,NA,NA,NA,NA
"CALVI, PAOLO",93,5,5,2,2
"LEE, HYUN",138,7,7,5,4
"STEWART, JOHN",13665,56,38,182,153
"SWARR, AMANDA",NA,NA,NA,NA,NA
"CURRAN, SARA",2651,22,16,31,21
"TUTHILL, JOHN",261,7,7,7,6
"CLARK, SAMUEL",NA,NA,NA,NA,NA
"KIM, YONG-WOO",749,16,12,24,16
"REUSCH, JOHANN",NA,NA,NA,NA,NA
"DODD, MICHAEL",1722,13,13,15,15
"BORYS, ANN",NA,NA,NA,NA,NA
"PAMPIN, JUAN",NA,NA,NA,NA,NA
"KOVER, SARA",959,14,14,19,19
"STROMBERG, CAROLINE",2821,20,20,29,28
"WRIGHT, CASSANDRA",NA,NA,NA,NA,NA
"HOLT, BRADLEY",NA,NA,NA,NA,NA
"FRACE, JEFFREY",NA,NA,NA,NA,NA
"KIM, HYUNG",3236,19,19,24,23
"PACHECO DE RESENDE, FERNAN",NA,NA,NA,NA,NA
"STROUP, SARAH",NA,NA,NA,NA,NA
"MESCHER, ANN",NA,NA,NA,NA,NA
"RADNITZ, SCOTT",688,11,8,13,8
"CHUNG, JAEHYUN",1633,21,16,37,27
"LIN, KEN-YU",418,10,9,12,9
"HUMPHRIES, THOMAS",117,6,5,5,4
"MIGLIACCIO, GIOVANNI",666,11,10,13,11
"DUDLEY, SHANNON",NA,NA,NA,NA,NA
"LIU, JONATHAN",1746,22,22,36,32
"WILSON, GREGORY",1611,19,16,31,27
"DANA, KARAM",43,2,2,1,1
"MCCORMICK, TYLER",777,13,13,18,16
"PEARCE, KATY",796,11,11,13,11
"GRIFFITH, JOHN",NA,NA,NA,NA,NA
"BROCK, PHILIP",NA,NA,NA,NA,NA
"COTE, CHARLOTTE",NA,NA,NA,NA,NA
"GONZALEZ, SARA",NA,NA,NA,NA,NA
"SCHINDLER, HOLLY",NA,NA,NA,NA,NA
"WARD, TERESA",650,16,13,17,15
"LEWIS, KATHERINE",130,6,6,4,3
"FYALL, RACHEL",37,4,4,2,2
"KELLY, RYAN",1419,19,18,22,22
"MARTIN, MINDA",NA,NA,NA,NA,NA
"CHINN, DONALD",NA,NA,NA,NA,NA
"GONZALEZ, CARMEN",184,8,8,5,4
"MILLION, DIAN",NA,NA,NA,NA,NA
"QUINN, SARAH",NA,NA,NA,NA,NA
"WILLIAMS, CHARLES",191,4,4,4,4
"WANG, HAICHENG",NA,NA,NA,NA,NA
"REID, JOSHUA",NA,NA,NA,NA,NA
"LANG, SABINE",NA,NA,NA,NA,NA
"EVANS-AGNEW, ROBIN",91,4,4,2,2
"PARKER, CHRISTOPHER",NA,NA,NA,NA,NA
"EVANS, LAURA",NA,NA,NA,NA,NA
"SANDERS, ELIZABETH",1352,19,18,24,23
"BOUTAIN, DORIS",NA,NA,NA,NA,NA
"CHOI, SEUNGKEUN",NA,NA,NA,NA,NA
"FINKE, JOHN",593,15,10,17,10
"HARACHI, TRACY",NA,NA,NA,NA,NA
"DEMASKE, CHRIS",NA,NA,NA,NA,NA
"FEARN-BANKS, KATHLEEN",NA,NA,NA,NA,NA
"SIERSCHYNSKI, JAREK",NA,NA,NA,NA,NA
"CUMMINGS, KATHERINE",NA,NA,NA,NA,NA
"ROBERTSON, IAIN",NA,NA,NA,NA,NA
"CHRISTIANSON, KNUT",728,16,16,22,22
"DHAVAN, PURNIMA",NA,NA,NA,NA,NA
"HUDSON, ROXANNE",2062,18,16,22,19
"GARDNER, BETH",2272,28,24,42,39
"CHANG, CYNTHIA",121,5,5,4,3
"PRICE, REBECCA",347,9,9,9,8
"JAIN, SHALINI",NA,NA,NA,NA,NA
"IGNACIO, EMILY",NA,NA,NA,NA,NA
"CLINE, ERICA",328,8,7,8,5
"WANG, EDITH",NA,NA,NA,NA,NA
"NATH, ABHINAV",NA,NA,NA,NA,NA
"RIBES, DAVID",1710,18,15,24,21
"BORN, BRANDEN",NA,NA,NA,NA,NA
"NEUMANN, REBECCA",728,8,8,8,7
"ALDRIDGE, EDITH",NA,NA,NA,NA,NA
"GOULD, ANNABELLE",NA,NA,NA,NA,NA
"RAI, CANDICE",NA,NA,NA,NA,NA
"MENALDO, VICTOR",1214,11,10,11,10
"MARSHALL, GILLIAN",NA,NA,NA,NA,NA
"THURTLE, PHILLIP",NA,NA,NA,NA,NA
"HOFFMAN, DANIEL",NA,NA,NA,NA,NA
"MCLAUGHLIN, KATIE",13296,62,60,129,126
"ELKHAFAIFI, HUSSEIN",NA,NA,NA,NA,NA
"BHOWMIK, DAVINDER",NA,NA,NA,NA,NA
"COHEN, JEFFREY",3720,23,17,48,26
"MANN, CASEY",NA,NA,NA,NA,NA
"GOERING, SARA",NA,NA,NA,NA,NA
"WIECZOREK, MAREK",NA,NA,NA,NA,NA
"BROWN, JONATHON",19629,48,32,65,53
"RETMAN, SONNET",NA,NA,NA,NA,NA
"FORMAN, MICHAEL",NA,NA,NA,NA,NA
"SOMMERVILLE, JESSICA",4455,24,20,34,28
"LINDHORST, TARYN",1406,21,17,33,24
"MONTGOMERY, MICHELLE",NA,NA,NA,NA,NA
"BRANDL, KLAUS",NA,NA,NA,NA,NA
"KALE, SUNILA",NA,NA,NA,NA,NA
"REDDY, CHANDAN",NA,NA,NA,NA,NA
"GUPTA, SUBHADEEP",NA,NA,NA,NA,NA
"WALSH, CAMILLE",NA,NA,NA,NA,NA
"NARAYANAN, HARIHARAN",414,10,9,11,9
"ANDERSON, PETER",NA,NA,NA,NA,NA
"MEYERS, STEPHEN",NA,NA,NA,NA,NA
"MICHAEL, FORREST",3272,24,19,29,25
"WOLF YADLIN, ALEJANDRO",2098,16,14,16,15
"OGIHARA, TOSHIYUKI",1633,15,10,18,10
"BURT, CALLIE",1513,15,14,18,18
"IAROCCI, LOUISA",NA,NA,NA,NA,NA
"MUMMALANENI, NARASIMHA",NA,NA,NA,NA,NA
"WADE, CHRISTOPHER",577,12,10,12,11
"WALKER, JOEL",NA,NA,NA,NA,NA
"DE COCK, MARTINE",3712,34,24,96,57
"XU, LIBIN",1411,18,18,25,24
"ALMGREN, GUNNAR",NA,NA,NA,NA,NA
"BRINES, JULIE",NA,NA,NA,NA,NA
"HOLMAN, DARRYL",NA,NA,NA,NA,NA
"CHEUNG, ALVIN",NA,NA,NA,NA,NA
"FLORES, JERRY",NA,NA,NA,NA,NA
"PENA, ROBERT",NA,NA,NA,NA,NA
"DEVINATZ, ETHAN",NA,NA,NA,NA,NA
"LEVOW, GINA-ANNE",NA,NA,NA,NA,NA
"HAREWOOD, SUSAN",NA,NA,NA,NA,NA
"MOORE, COLETTE",NA,NA,NA,NA,NA
"ENSIGN, B",NA,NA,NA,NA,NA
"SHARKEY, EMMETT",NA,NA,NA,NA,NA
"SISNEROS, JOSEPH",1646,24,19,32,31
"CHARUSHEELA, S",NA,NA,NA,NA,NA
"JANES, JOSEPH",NA,NA,NA,NA,NA
"GROVER, HIMANSHU",1619,16,15,18,16
"PENDRAS, JEROME",NA,NA,NA,NA,NA
"YERENA, ANAID",34,2,2,1,1
"KOONTZ, TOMAS",3478,32,27,41,40
"LI, MIN",NA,NA,NA,NA,NA
"STONE, ANDREA",NA,NA,NA,NA,NA
"DANIELL, WILLIAM",NA,NA,NA,NA,NA
"KENWORTHY, NORA",82,6,6,4,3
"KNIGHT, JEFFREY",NA,NA,NA,NA,NA
"MADZIMA, THELMA",NA,NA,NA,NA,NA
"DUVALL, ALISON",964,10,9,10,9
"GORMAN-LEWIS, DREW",NA,NA,NA,NA,NA
"LEUNG, SIU-TANG",NA,NA,NA,NA,NA
"REPACHOLI, BETTY",3272,18,15,19,17
"BRUSH, LUCIEN",NA,NA,NA,NA,NA
"HABELL-PALLAN, MICHELLE",NA,NA,NA,NA,NA
"LLOBERA, MARCOS",1327,13,12,16,13
"OH, SOOJIN",NA,NA,NA,NA,NA
"SMIDCHENS, GUNTIS",NA,NA,NA,NA,NA
"WILLIAMS, NATHALIE",NA,NA,NA,NA,NA
"ZIRPEL, MARK",NA,NA,NA,NA,NA
"KIM, EUNJUNG",NA,NA,NA,NA,NA
"FRIEDMAN, KATHIE",NA,NA,NA,NA,NA
"LABITZKE, CURT",NA,NA,NA,NA,NA
"LINGO, STUART",NA,NA,NA,NA,NA
"MAGELSSEN, SCOTT",348,10,8,10,7
"FLAHERTY, BRIAN",2494,23,15,27,18
"NITTA, KEITH",NA,NA,NA,NA,NA
"PORTER, ELIZABETH",NA,NA,NA,NA,NA
"STREDWICK, KRISTINA",NA,NA,NA,NA,NA
"BURSTEIN, JESSICA",NA,NA,NA,NA,NA
"PAGE, STEPHEN",753,11,9,11,9
"RODRIGUEZ SILVA, ILEANA",NA,NA,NA,NA,NA
"WEST, CAROLYN",3098,24,20,34,28
"COMPSON, JANE",133,4,3,2,2
"YOCOM, KENNETH",NA,NA,NA,NA,NA
"KAYAOGLU, TURAN",317,8,7,6,4
"JOLLY, NATALIE",NA,NA,NA,NA,NA
"UGUR, ETGA",NA,NA,NA,NA,NA
"HARKINS, GILLIAN",NA,NA,NA,NA,NA
"KENNEDY, MAUREEN",517,14,12,17,15
"RUMPH, STEPHEN",NA,NA,NA,NA,NA
"SMITH, MAYA",13,2,2,0,0
"WEINBAUM, ALYS",NA,NA,NA,NA,NA
"BEAN, JENNIFER",NA,NA,NA,NA,NA
"MCKINLEY, NITA",3033,18,15,19,17
"GARDNER, BENJAMIN",NA,NA,NA,NA,NA
"GOLD, WARREN",NA,NA,NA,NA,NA
"BOSMA, MARTHA",NA,NA,NA,NA,NA
"KIELBOWICZ, RICHARD",NA,NA,NA,NA,NA
"LEE, JIN",1007,17,15,24,21
"JOHNSON, JULIE",NA,NA,NA,NA,NA
"SIMPSON, CAROLINE",NA,NA,NA,NA,NA
"WOLFF, HENDRIK",NA,NA,NA,NA,NA
"YBARRA, MEGAN",137,7,7,5,3
"FITZHUGH, J",NA,NA,NA,NA,NA
"CARDENAS, MICHA",NA,NA,NA,NA,NA
"BARAJAS, FILIBERTO",NA,NA,NA,NA,NA
"HAERLING, KATIE",NA,NA,NA,NA,NA
"THEBERGE, ASHLEIGH",1298,13,11,15,13
"ELMORE, SHAWN",NA,NA,NA,NA,NA
"AILION, MICHAEL",2406,22,19,27,23
"WELLER, CASS",NA,NA,NA,NA,NA
"JEGATHEESAN, BRINDA",NA,NA,NA,NA,NA
"BAIRD, KATIE",NA,NA,NA,NA,NA
"HAROLD, CHRISTINE",NA,NA,NA,NA,NA
"CORSER, ROBERT",NA,NA,NA,NA,NA
"HANNEMAN, MARY",NA,NA,NA,NA,NA
"SUNARDI, CHRISTINA",NA,NA,NA,NA,NA
"DE VERITCH WOODSIDE, VANES",NA,NA,NA,NA,NA
"ROSS, LUANA",NA,NA,NA,NA,NA
"KAISER, CHERYL",3624,29,24,40,37
"ALANIZ, JOSE",NA,NA,NA,NA,NA
"DUMITRIU, IOANA",1224,17,12,20,17
"GOLDBERG, MICHAEL",NA,NA,NA,NA,NA
"TWINAM, TATE",28,3,3,1,1
"WARREN, ADAM",NA,NA,NA,NA,NA
"INANICI, MEHLIKA",771,14,11,16,14
"MERCER, LEIGH",NA,NA,NA,NA,NA
"OLSON, CLARK",3626,29,13,48,20
"BOYDSTON, ANDREW",2855,29,24,42,39
"HERSHBERG, RACHEL",NA,NA,NA,NA,NA
"MOSCA, MATTHEW",93,4,4,3,2
"WASSINK, ALICIA",605,13,12,14,12
"HODGE, HUCK",NA,NA,NA,NA,NA
"HUNTINGTON, KATHARINE",1485,20,19,27,27
"LOPEZ, SANTIAGO",NA,NA,NA,NA,NA
"LICHTY, LAUREN",NA,NA,NA,NA,NA
"HANDEL, ZEV",140,6,5,3,1
"KULA, MICHAEL",NA,NA,NA,NA,NA
"MOHLER, RICHARD",NA,NA,NA,NA,NA
"SILVA, JANELLE",NA,NA,NA,NA,NA
"MASIELLO, DAVID",1913,18,17,24,22
"FEUERBORN, LAURA",NA,NA,NA,NA,NA
"HEVLY, BRUCE",NA,NA,NA,NA,NA
"EZEONWU, MABEL",NA,NA,NA,NA,NA
"KRABILL, RONALD",NA,NA,NA,NA,NA
"POWERS, MATTHEW",562,10,10,11,11
"ROCAP, GABRIELLE",5146,25,23,33,31
"HUBER, NICOLE",NA,NA,NA,NA,NA
"GILBERT, DONALD",NA,NA,NA,NA,NA
"HAMM, JOHN",NA,NA,NA,NA,NA
"PEVTSOVA, JULIA",NA,NA,NA,NA,NA
"MARSHALL, COLIN",65,4,4,3,3
"ALCAIDE RAMIREZ, DOLORES",NA,NA,NA,NA,NA
"GROENING, STEPHEN",NA,NA,NA,NA,NA
"ROBINSON, CABEIRI",NA,NA,NA,NA,NA
"AGUIRRE, JULIA",NA,NA,NA,NA,NA
"O'MARA, MARGARET",NA,NA,NA,NA,NA
"TAJIMA, EMIKO",NA,NA,NA,NA,NA
"FAIRHALL, ADRIENNE",3293,26,20,36,29
"DABACH, DAFNEY",147,8,7,7,6
"VU, CUONG",NA,NA,NA,NA,NA
"WYERS, GISELLE",NA,NA,NA,NA,NA
"BERGMANN, LUKE",243,9,9,9,8
"MACKENZIE, LOUISA",NA,NA,NA,NA,NA
"JOHNSON, BRIAN",375,9,4,9,3
"SHUGAR, DANIEL",458,12,11,13,12
"CALLAHAN, MARY",NA,NA,NA,NA,NA
"AHUVIA, MIKA",NA,NA,NA,NA,NA
"ASBURY, CHARLES",NA,NA,NA,NA,NA
"MCLOUD-MANN, JENNIFER",NA,NA,NA,NA,NA
"DOWLING, SARAH",NA,NA,NA,NA,NA
"NEMATI, KAMRAN",889,14,9,15,9
"BUFFALO, ELIZABETH",3424,26,20,31,26
"JACKSON, KARA",NA,NA,NA,NA,NA
"ANDERSON, ALEX",NA,NA,NA,NA,NA
"CASEY, ERIN",963,16,14,20,16
"GAMBOA, ERASMO",NA,NA,NA,NA,NA
"MCMAINS, JULIET",NA,NA,NA,NA,NA
"MILLER, DANICA",NA,NA,NA,NA,NA
"SBRAGIA, ALBERT",NA,NA,NA,NA,NA
"BILANIUK, LAADA",643,9,7,8,6
"GIEBEL, CHRISTOPH",NA,NA,NA,NA,NA
"SALAS, ELIZABETH",NA,NA,NA,NA,NA
"ARMS, JUDITH",NA,NA,NA,NA,NA
"JECK, DOUGLAS",NA,NA,NA,NA,NA
"MAYO-WILSON, CONOR",94,6,5,4,2
"NISHIME, LEILANI",NA,NA,NA,NA,NA
"WERK, JESSICA",NA,NA,NA,NA,NA
"SWAINE, MICHAEL",NA,NA,NA,NA,NA
"AHN, JI-HYUN",122,6,5,4,3
"PARRISH, JAY",NA,NA,NA,NA,NA
"BAKER, MARGARET",NA,NA,NA,NA,NA
"COUPE, JAMES",NA,NA,NA,NA,NA
"EVANS, BETSY",710,15,11,21,13
"LAPORTE, CHARLES",NA,NA,NA,NA,NA
"LEVANIOUK, OLGA",NA,NA,NA,NA,NA
"THOMPSON, JESSICA",1650,17,13,24,20
"TROUT, DEBORAH",NA,NA,NA,NA,NA
"HALL, CRYSTAL",1387,7,7,7,7
"TAYLOR, JESSE",NA,NA,NA,NA,NA
"WACKER, DOUGLAS",NA,NA,NA,NA,NA
"AHN, SANG-GYEUN",NA,NA,NA,NA,NA
"FERNANDEZ DOBAO, ANA",481,11,9,11,9
"MERLINO, KATHRYN",NA,NA,NA,NA,NA
"DINGLASAN-PANLILIO, MARY",NA,NA,NA,NA,NA
"SELKIN, PETER",NA,NA,NA,NA,NA
"WELLAND, SASHA",NA,NA,NA,NA,NA
"ABRAMSON, DANIEL",NA,NA,NA,NA,NA
"MAHADEVAN, SUDHIR",NA,NA,NA,NA,NA
"TRIPLETT, PIMONE",NA,NA,NA,NA,NA
"TURNOVSKY, GEOFFREY",NA,NA,NA,NA,NA
"WARREN, JONATHAN",NA,NA,NA,NA,NA
"MOBUS, GEORGE",NA,NA,NA,NA,NA
"CAMPBELL, ELENA",NA,NA,NA,NA,NA
"ATKINS, PAUL",33,3,3,2,0
"KUCHER, MICHAEL",NA,NA,NA,NA,NA
"LEE, HYOUNG",14,3,2,0,0
"WHITTINGTON, JANICE",NA,NA,NA,NA,NA
"BOERS, GEOFFREY",NA,NA,NA,NA,NA
"GERMANY, JASON",NA,NA,NA,NA,NA
"KAMEN, DEBORAH",NA,NA,NA,NA,NA
"RICKER, BRITTA",NA,NA,NA,NA,NA
"OCHOA CAMACHO, ARIANA",25,2,2,1,0
"THATCHER, JAMES",NA,NA,NA,NA,NA
"COON, DAVID",NA,NA,NA,NA,NA
"MAHMOOD, HAMZA",NA,NA,NA,NA,NA
"HAMPSON, SARAH",2,1,1,0,0
"HARPER, THOMAS",NA,NA,NA,NA,NA
"OHTA, AMY",3182,15,11,15,12
"HAUSER, LORENZ",4150,31,20,65,45
"WEST, JAMES",5460,33,19,74,33
"KIM, KENDRA",NA,NA,NA,NA,NA
"MOTHA, MARY",NA,NA,NA,NA,NA
"SHOJAIE, ALI",NA,NA,NA,NA,NA
"HENRY, BARBARA",NA,NA,NA,NA,NA
"JAMISON, AARON",NA,NA,NA,NA,NA
"KNUTH, RICHARD",NA,NA,NA,NA,NA
"PINEDO-TURNOVSKY, CAROLYN",NA,NA,NA,NA,NA
"BERNEY, RACHEL",99,4,4,3,3
"HAUTALA, SUSAN",1295,20,13,24,15
"SOCHA, DAVID",786,13,7,16,5
"CHALANA, MANISH",NA,NA,NA,NA,NA
"GOVINDRAJAN, RADHIKA",NA,NA,NA,NA,NA
"LITFIN, KAREN",2180,16,14,21,15
"ADAMS, LUTHER",NA,NA,NA,NA,NA
"ANDERSON, CHRISTIAN",NA,NA,NA,NA,NA
"BERGER, DANIEL",343,8,7,7,7
"CRANE, JOHANNA",613,9,8,9,7
"BUTWIN, JOSEPH",NA,NA,NA,NA,NA
"GROVES, JASON",NA,NA,NA,NA,NA
"HIRSCH, EDWARD",NA,NA,NA,NA,NA
"NAIDUS, BEVERLY",NA,NA,NA,NA,NA
"KHULLAR, SONAL",NA,NA,NA,NA,NA
"BERG, MARTIN",NA,NA,NA,NA,NA
"MEICHES, BENJAMIN",NA,NA,NA,NA,NA
"MANZO, LYNNE",NA,NA,NA,NA,NA
"WIGGINS, PAUL",3625,25,22,32,31
"CHO, HEEKYOUNG",NA,NA,NA,NA,NA
"FARWELL, NANCY",NA,NA,NA,NA,NA
"HEBARD, HEATHER",NA,NA,NA,NA,NA
"ROTTLE, NANCY",NA,NA,NA,NA,NA
"ROSE, EMMA",202,7,6,5,3
"TOPPER, KATHRYN",96,5,5,3,3
"DUBROW, JENNIFER",NA,NA,NA,NA,NA
"FOURIE, CARINA",NA,NA,NA,NA,NA
"BERLINER, LAUREN",NA,NA,NA,NA,NA
"BORSUK, AMARANTH",22,2,2,1,1
"COLLINS, CHARLES",NA,NA,NA,NA,NA
"PADILLA, AMPARO",NA,NA,NA,NA,NA
"TOFT, AMOSHAUN",NA,NA,NA,NA,NA
"BAE, CHRISTINE",NA,NA,NA,NA,NA
"MCNEEL, AMIE",NA,NA,NA,NA,NA
"MIYAMOTO, JOHN",NA,NA,NA,NA,NA
"NEFF, GINA",NA,NA,NA,NA,NA
"O'NEIL, MARY",NA,NA,NA,NA,NA
"GRANT, JENNA",NA,NA,NA,NA,NA
"SHOJAIE, ALI",NA,NA,NA,NA,NA
"BRUCH, ELIZABETH",NA,NA,NA,NA,NA
"DRPIC, IVAN",NA,NA,NA,NA,NA
"ROSE, ELAINA",2274,15,12,17,14
"JESTY, JUSTIN",NA,NA,NA,NA,NA
"WIRSING, AARON",4462,33,26,52,44
"ZAGHENI, EMILIO",729,13,13,17,17
"BET-SHLIMON, ARBELLA",21,3,3,1,0
"WIGGINS, ELLWOOD",NA,NA,NA,NA,NA
"MCGUIRE, WILLIAM",114,4,4,4,4
"CHU, JIUN-HAW",11419,46,38,77,71
"WANG, PING",NA,NA,NA,NA,NA
"MADFIS, ERIC",313,9,9,9,9
"BIERMANN, CHRISTINE",166,4,4,3,3
"SANDHU, PRITI",NA,NA,NA,NA,NA
"ARDUINI, BEATRICE",NA,NA,NA,NA,NA
"CRAM, SHANNON",NA,NA,NA,NA,NA
"CARTER, MICHELLE",NA,NA,NA,NA,NA
"PROKSCH, GUNDULA",NA,NA,NA,NA,NA
"MIHAYLOVA, STEFKA",NA,NA,NA,NA,NA
"SPRAGUE, TYLER",NA,NA,NA,NA,NA
"TOEWS, BARBARA",NA,NA,NA,NA,NA
"HILL, BENJAMIN",891,15,14,21,16
"ALAVI, SAMAD",NA,NA,NA,NA,NA
"GOLDEN, ELIZABETH",NA,NA,NA,NA,NA
"SHIELDS, JULIET",NA,NA,NA,NA,NA
"PITTMAN, LASHAWNDA",NA,NA,NA,NA,NA
"DI STEFANO, CHRISTINE",NA,NA,NA,NA,NA
"PARKER, SAMUEL",NA,NA,NA,NA,NA
"EATON, JULIA",NA,NA,NA,NA,NA
"ROUNTHWAITE, VANESSA",NA,NA,NA,NA,NA
"BOU AYASH, NANCY",NA,NA,NA,NA,NA
"CHAMBERLAIN, EDWARD",NA,NA,NA,NA,NA
"LALIC, GOJKO",1591,21,17,29,21
"LEVIN-RICHARDSON, SARAH",NA,NA,NA,NA,NA
"LEWIS, JORDAN",NA,NA,NA,NA,NA
"DOTY, SHARON",NA,NA,NA,NA,NA
"HAN, FANG",1547,16,14,19,19
"GUNN, OLIVIA",NA,NA,NA,NA,NA
"WALKER, INGRID",28,2,2,1,1
"BESSNER, DANIEL",NA,NA,NA,NA,NA
"HARRIS, MARIAN",NA,NA,NA,NA,NA
"ONG, SHAO-EN",18034,37,31,45,41
"MCCORMICK, BRUCE",NA,NA,NA,NA,NA
"SELOVER, STEPHANIE",3,1,1,0,0
"WOODROW, KIM",NA,NA,NA,NA,NA
"FROGNER, BIANCA",1163,14,11,15,13
"HINTZ, ALLISON",NA,NA,NA,NA,NA
"HUPPERT, ANN",NA,NA,NA,NA,NA
"MATTHEWS, KRISTINE",NA,NA,NA,NA,NA
"ZWEIFEL, LARRY",2762,22,22,28,28
"PHILLIPS, PAUL",9464,50,42,73,70
"SETO, EDMUND",NA,NA,NA,NA,NA
"CARLSON, JOSHUA",NA,NA,NA,NA,NA
"ARNOLD, JEFFREY",NA,NA,NA,NA,NA
"OSWAL, SUSHIL",NA,NA,NA,NA,NA
"LUTZ, BARRY",NA,NA,NA,NA,NA
"HIEBERT, THEODOR",NA,NA,NA,NA,NA
"MILUTIS, JOSEPH",NA,NA,NA,NA,NA
"ONG, SHAO-EN",18034,37,31,45,41
"WOODROW, KIM",NA,NA,NA,NA,NA
"CRIDER, JULIET",604,10,9,10,8
"KOHLER, PAMELA",NA,NA,NA,NA,NA
"NAAR, DEVIN",NA,NA,NA,NA,NA
"BASU ROY, SENJUTI",NA,NA,NA,NA,NA
"ZWEIFEL, LARRY",2762,22,22,28,28
"COHAN, PETER",NA,NA,NA,NA,NA
"DELCOURT, DENYSE",NA,NA,NA,NA,NA
"HEERWAGEN, DEAN",NA,NA,NA,NA,NA
"BLOCK, RICHARD",NA,NA,NA,NA,NA
"NAM, HWASOOK",NA,NA,NA,NA,NA
"BAIR, WYETH",NA,NA,NA,NA,NA
"BITTER, CHRISTOPHER",NA,NA,NA,NA,NA
"GARNER, MICHELLE",2114,9,7,8,7
"HOLLMANN, ALEXANDER",NA,NA,NA,NA,NA
"RATLIFF, LILLIAN",NA,NA,NA,NA,NA
"SMITH, JASON",1091,17,14,19,16
"CARGILL, KIMA",76,4,3,3,2
"SPENCER, BENJAMIN",NA,NA,NA,NA,NA
"LUTZ, BARRY",NA,NA,NA,NA,NA
"WESSELLS, ANNE",NA,NA,NA,NA,NA
"DHAKA, AJAY",NA,NA,NA,NA,NA
"CARLSON, JOSHUA",NA,NA,NA,NA,NA
"CHAN, LINGTAK-NEANDER",NA,NA,NA,NA,NA
"KOCHIN, LEVIS",NA,NA,NA,NA,NA
"KUCUKYAVUZ, SIMGE",627,15,13,19,15
"LAUMANN, CHRISTOPHER",NA,NA,NA,NA,NA
"WALLACE, SOPHIA",141,8,8,7,7
"BAIR, WYETH",NA,NA,NA,NA,NA
"LONG, JAMES",653,10,10,10,10
"STOKES, DAVID",983,16,12,17,14
"IBRAHIM, HABIBA",NA,NA,NA,NA,NA
"DHAKA, AJAY",NA,NA,NA,NA,NA
"ROBINS, LORI",NA,NA,NA,NA,NA
"GAYLARD, SUSAN",NA,NA,NA,NA,NA
"WATRAS, M",NA,NA,NA,NA,NA
"WALLACE, GEOFFREY",182,7,6,5,4
"THORPE, REBECCA",NA,NA,NA,NA,NA
"LINGO, ESTELLE",NA,NA,NA,NA,NA
"NOMURA, GAIL",NA,NA,NA,NA,NA
"SULLIVAN, JESSICA",NA,NA,NA,NA,NA
"ACKERMAN, ALISSA",NA,NA,NA,NA,NA
"ROSS, STEPHEN",2706,16,10,18,10
"WANG, WANG",44924,84,59,909,683
"SONENBERG, MAYA",NA,NA,NA,NA,NA
"BUCHANAN, DIANA",NA,NA,NA,NA,NA
"PORTER, ELIZABETH",NA,NA,NA,NA,NA
"NASCIMENTO, AMOS",NA,NA,NA,NA,NA
"WANG, WANG",44924,84,59,909,683
"CHAZARO, ANGELICA",NA,NA,NA,NA,NA
"JUNG, JIN-KYU",NA,NA,NA,NA,NA
"BLACKSHER, ERIKA",399,11,8,11,6
"LIN, YVONNE",NA,NA,NA,NA,NA
"FOX, EMILY",2064,23,22,34,33
"AMRUTE, SAREETA",NA,NA,NA,NA,NA
"YUWEN, WEICHAO",36,3,3,1,1
"JARDINE, SUNNY",320,7,7,7,7
"CABERNARD, CLEMENS",1187,14,13,18,15
"SHANNON, SARAH",19311,34,24,43,36
"SUN, HUATONG",546,9,8,9,7
"SHEFFIELD, DANIEL",NA,NA,NA,NA,NA
"BLACKSHER, ERIKA",399,11,8,11,6
"DICHIARA, ANTHONY",409,11,11,11,11
"SHIN, DONNA",NA,NA,NA,NA,NA
"KOSACK, STEPHEN",NA,NA,NA,NA,NA
"BERRIDGE, CLARA",NA,NA,NA,NA,NA
"KUEH, HAO",NA,NA,NA,NA,NA
"BEAUDOIN, JUSTIN",NA,NA,NA,NA,NA
"WAY, THAISA",NA,NA,NA,NA,NA
"BRIDGES, ELIZABETH",NA,NA,NA,NA,NA
"HARCHAOUI, ZAID",3857,32,30,40,40
"CHEN, YEN-CHI",1111,11,11,11,11
"ALI, MOHAMED",1831,21,18,41,28
"SOHNG, SUE",NA,NA,NA,NA,NA
"NIRNIMESH KUMAR, UNKNOWN",NA,NA,NA,NA,NA
"FLEMING, BRANDON",NA,NA,NA,NA,NA
"LLOYD, WESLEY",505,11,10,12,11
"FLORES, RENE",188,7,7,5,5
"GAO, CHUNMING",NA,NA,NA,NA,NA
"RUDELL, JACQUES",1972,14,11,20,13
"BRUNJES, BENJAMIN",NA,NA,NA,NA,NA
"RAO, ANUP",1482,19,17,26,19
"MCCUNN, LINDSAY",NA,NA,NA,NA,NA
"YEUNG-RHEE, KA",NA,NA,NA,NA,NA
"LEVY, LATASHA",NA,NA,NA,NA,NA
"HALL, CRYSTAL",1387,7,7,7,7
"LEE, JIN",1007,17,15,24,21
"MCCORMICK, TYLER",777,13,13,18,16
"WEBER, NICHOLAS",NA,NA,NA,NA,NA
"CHOE, YOUNGJUN",259,8,7,8,6
"NAHMANI, MARC",459,8,8,8,8
"HARTMANN, WILLIAM",NA,NA,NA,NA,NA
"POWER, JADE",NA,NA,NA,NA,NA
"FREIJE, VANESSA",NA,NA,NA,NA,NA
"BACKONJA, UBA",76,6,6,3,3
"HAWES, JANELLE",NA,NA,NA,NA,NA
"LEVINE, SERGEY",NA,NA,NA,NA,NA
"PADILLA GAMINO, JACQUELINE",NA,NA,NA,NA,NA
"KEENE, CHRISTOPHER",NA,NA,NA,NA,NA
"LIU, JONATHAN",1746,22,22,36,32
"LEFTHAND-BEGAY, CLARITA",NA,NA,NA,NA,NA
"NAHON, KARINE",2878,19,15,29,20
"IRIBARREN, SARAH",NA,NA,NA,NA,NA
"NICHOLS, RANDALL",NA,NA,NA,NA,NA
"BYUN, EEESEUNG",NA,NA,NA,NA,NA
"NAJAFIAN, BEHZAD",1509,18,17,31,28
"TUTTLE, SARAH",NA,NA,NA,NA,NA
"MCLAUGHLIN, KATIE",13296,62,60,129,126
"HAAKANSON, SVEN",NA,NA,NA,NA,NA
"NAAR, DEVIN",NA,NA,NA,NA,NA
"ZAGHENI, EMILIO",729,13,13,17,17
"HEIMERL, KURTIS",NA,NA,NA,NA,NA
"PARRISH, JAY",NA,NA,NA,NA,NA
"EZEONWU, MABEL",NA,NA,NA,NA,NA
"LEE, DANIELLE",NA,NA,NA,NA,NA
"BRAGIN, NAOMI",NA,NA,NA,NA,NA
"CRIDER, JULIET",604,10,9,10,8
"HAERLING, KATIE",NA,NA,NA,NA,NA
"JACKSON, KARA",NA,NA,NA,NA,NA
"VON MOLTKE, JAKOB",2047,11,11,11,11
"BOYDSTON, ANDREW",2855,29,24,42,39
"LALIC, GOJKO",1591,21,17,29,21
"MASIELLO, DAVID",1913,18,17,24,22
"ROBINS, LORI",NA,NA,NA,NA,NA
"WILLIAMS, NATHALIE",NA,NA,NA,NA,NA
"WOOD, CHELSEA",711,13,13,13,13
"WIGGINS, PAUL",3625,25,22,32,31
"SI, DONG",220,8,8,6,6
"THORPE, REBECCA",NA,NA,NA,NA,NA
"LICHT, ALEXIS",368,9,9,9,9
"LEE, PEGGY",NA,NA,NA,NA,NA
"ZANEVELD, JESSE",13032,17,17,20,20
"CROUSE, DAVID",NA,NA,NA,NA,NA
"THOMPSON, JESSICA",1650,17,13,24,20
"AINSLEY, CAITLIN",19,3,3,1,0
"MARHOEFER, LAURA",NA,NA,NA,NA,NA
"LAAKSO, JANICE",NA,NA,NA,NA,NA
"KEATING, CHRISTINE",NA,NA,NA,NA,NA
"ROLFE, GEORGE",NA,NA,NA,NA,NA
"AMRUTE, SAREETA",NA,NA,NA,NA,NA
"LEE, CAROLE",407,8,6,6,3
"BARNES, RORY",NA,NA,NA,NA,NA
"GUTTMAN, MIKLOS",1298,20,19,27,26
"JUNG, JIN-KYU",NA,NA,NA,NA,NA
"HIRSCH, EDWARD",NA,NA,NA,NA,NA
"KEY, JOEY",NA,NA,NA,NA,NA
"SONNEY, JENNIFER",NA,NA,NA,NA,NA
"BUNN-MARCUSE, KATHRYN",NA,NA,NA,NA,NA
"KAWASE, MITSUHIRO",NA,NA,NA,NA,NA
"COWGILL, KAREN",NA,NA,NA,NA,NA
"JUDD, BETTINA",NA,NA,NA,NA,NA
"ACKERMAN, ALISSA",NA,NA,NA,NA,NA
"BEHLER, CONSTANTIN",NA,NA,NA,NA,NA
"OEHME, ANNEGRET",NA,NA,NA,NA,NA
"SUN, HUATONG",546,9,8,9,7
"LU, CHAN",70,5,5,3,2
"ROSS, STEPHEN",2706,16,10,18,10
"SHIN, DONNA",NA,NA,NA,NA,NA
"CROWLEY, JOHN",NA,NA,NA,NA,NA
"OMAKI, AKIRA",415,11,10,13,10
"CLARE, STEPHANIE",NA,NA,NA,NA,NA
"FEINTZEIG, BENJAMIN",34,4,4,0,0
"NORAKO, LEILA",NA,NA,NA,NA,NA
"SCHEIER, SHIRLEY",NA,NA,NA,NA,NA
"SOCHA, DAVID",786,13,7,16,5
"TOU, ERIK",NA,NA,NA,NA,NA
"HINTZ, ALLISON",NA,NA,NA,NA,NA
"FUSTE, JOSE",18,3,2,0,0
"ROMERO, ADAM",NA,NA,NA,NA,NA
"CAMPELIA, GEORGINA",NA,NA,NA,NA,NA
"BERNSTEIN, RUTH",NA,NA,NA,NA,NA
"LINCOLN, RACHAEL",NA,NA,NA,NA,NA
"ROBLES RIVERA, JOSE",NA,NA,NA,NA,NA
"MODARRES, ANDREA",NA,NA,NA,NA,NA
"NEMHAUSER, JENNIFER",4875,30,25,45,39
"PSARRA, AFRODITI",NA,NA,NA,NA,NA
"MINAH, GALEN",NA,NA,NA,NA,NA
"LEUNG, SIU-TANG",NA,NA,NA,NA,NA
"DOORENBOS, ARDITH",NA,NA,NA,NA,NA
"YANEZ, NORBERT",NA,NA,NA,NA,NA
"COOPER, MARK",NA,NA,NA,NA,NA
"MARWICK, BENJAMIN",699,14,12,21,17
"ABRUMS, MARY",NA,NA,NA,NA,NA
"ADAMSON, KATIE",865,16,15,18,18
"ADEE, BRUCE",NA,NA,NA,NA,NA
"ADOLPH, CHRISTOPHER",791,11,9,12,8
"AGOL, ERIC",13746,60,47,137,114
"AGRAWAL, NIDHI",NA,NA,NA,NA,NA
"AGUIRRE, JULIA",NA,NA,NA,NA,NA
"AHN, SANG-GYEUN",NA,NA,NA,NA,NA
"AKEY, JOSHUA",NA,NA,NA,NA,NA
"ALCAIDE RAMIREZ, DOLORES",NA,NA,NA,NA,NA
"ALDRIDGE, EDITH",NA,NA,NA,NA,NA
"ALISEDA, ALBERTO",860,12,11,17,14
"AMES, ERIC",NA,NA,NA,NA,NA
"AMIRPARVIZ, BABAK",NA,NA,NA,NA,NA
"ANDERSON, HELEN",NA,NA,NA,NA,NA
"ARDUINO, PEDRO",NA,NA,NA,NA,NA
"ASAH, STANLEY",896,13,12,14,14
"ASUNCION, HAZELINE",NA,NA,NA,NA,NA
"ATHREYA, JAYADEV",369,11,8,13,8
"AU, WAYNE",14957,63,43,250,179
"BACHMANN, OLIVIER",NA,NA,NA,NA,NA
"BAI, YAN",NA,NA,NA,NA,NA
"BAILKIN, JORDANNA",NA,NA,NA,NA,NA
"BAKKER, JONATHAN",3253,31,28,50,47
"BALAZINSKA, MAGDALENA",10965,48,40,92,81
"BANG, MEGAN",NA,NA,NA,NA,NA
"BARDEN, JEFFREY",NA,NA,NA,NA,NA
"BARNES, CHRISTOPHER",2347,26,26,32,32
"BARRETO, MATTHEW",NA,NA,NA,NA,NA
"BARRIA-ROMAN, ANDRES",NA,NA,NA,NA,NA
"BASU, ANIRBAN",6175,37,26,62,52
"BEAMON, BENITA",NA,NA,NA,NA,NA
"BECKER, BONNIE",609,8,8,8,8
"BEKEMEIER, ELIZABETH",NA,NA,NA,NA,NA
"BELL, PHILIP",7685,30,24,54,42
"BENDER, EMILY",3384,24,14,40,21
"BENITEZ, JOSE",NA,NA,NA,NA,NA
"BERMAN, JEFFREY",1446,18,16,35,28
"BITZ, CECILIA",12498,53,39,88,82
"BLAKE, MICHAEL",1234,16,12,21,14
"BOGEL, CYNTHEA",NA,NA,NA,NA,NA
"BOND, ALAN",NA,NA,NA,NA,NA
"BORENSTEIN, ELHANAN",4857,29,26,45,42
"BOSWORTH, DAVID",NA,NA,NA,NA,NA
"BOXX, KAREN",NA,NA,NA,NA,NA
"BOYLE, LINDA",2793,30,25,51,44
"BOYNTON, GEOFFREY",9293,39,30,57,52
"BRANCH, TREVOR",6271,36,32,70,59
"BRANDL, KLAUS",NA,NA,NA,NA,NA
"BRIXEY, SHAWN",NA,NA,NA,NA,NA
"BROOKS, TERRENCE",NA,NA,NA,NA,NA
"BRYAN, DANIEL",NA,NA,NA,NA,NA
"BUCHANAN, DIANA",NA,NA,NA,NA,NA
"BUCKLEY, LAUREN",5371,31,30,52,49
"BURA, RENATA",3218,18,18,21,19
"CABEEN, LOUISE",NA,NA,NA,NA,NA
"CALDIERARO, FABIO",NA,NA,NA,NA,NA
"CAMP, STEPHANIE",NA,NA,NA,NA,NA
"CAMPBELL, ELENA",NA,NA,NA,NA,NA
"CAO, ZHIYAN",NA,NA,NA,NA,NA
"CECCARELLI, LEAH",892,11,8,12,8
"CEZE, LUIS",7141,39,32,80,70
"CHALANA, MANISH",NA,NA,NA,NA,NA
"CHAN, KWUN",874,14,14,18,18
"CHAOVALITWONGSE, WANPRACHA",NA,NA,NA,NA,NA
"CHEN, YU-CHIN",NA,NA,NA,NA,NA
"CHENG, KAREN",NA,NA,NA,NA,NA
"CHERYAN, SAPNA",2610,21,19,25,24
"CHI, DONALD",779,16,16,30,28
"CHIGURUPATI, KAVITA",NA,NA,NA,NA,NA
"CHIO, VANESSA",NA,NA,NA,NA,NA
"CHRISTIE, PATRICK",3898,31,25,49,39
"CHUDE-SOKEI, LOUIS",NA,NA,NA,NA,NA
"CHUNG, SAM",NA,NA,NA,NA,NA
"CITKO, BARBARA",1190,18,13,22,14
"CLINE, ERICA",328,8,7,8,5
"COCHRANE, BARBARA",7966,43,34,75,70
"COHENCA, NESTOR",NA,NA,NA,NA,NA
"COLLIER, THOMAS",NA,NA,NA,NA,NA
"COLLINS, DOUGLAS",NA,NA,NA,NA,NA
"CONNORS, CATHERINE",NA,NA,NA,NA,NA
"CONTRERAS, FRANCES",NA,NA,NA,NA,NA
"COOK, CLAYTON",NA,NA,NA,NA,NA
"COOK, CLAYTON",NA,NA,NA,NA,NA
"COOK, JOSEPH",500,12,10,15,11
"COOKE, CHERYL",NA,NA,NA,NA,NA
"COON, DAVID",NA,NA,NA,NA,NA
"COOPER, ELIZABETH",NA,NA,NA,NA,NA
"COOPER, JOYCE",3055,21,15,33,23
"CORSER, ROBERT",NA,NA,NA,NA,NA
"COUPE, JAMES",NA,NA,NA,NA,NA
"COX, EMILY",NA,NA,NA,NA,NA
"CRNKOVIC, GORDANA",NA,NA,NA,NA,NA
"CUMMINS, REBECCA",NA,NA,NA,NA,NA
"CURTIS-NEWTON, VALERIE",NA,NA,NA,NA,NA
"DAVIES-VOLLUM, SIAN",NA,NA,NA,NA,NA
"DAVIS, CAROL",NA,NA,NA,NA,NA
"DE CASTRO, ARNOLD",NA,NA,NA,NA,NA
"DE LA IGLESIA, HORACIO",3175,31,23,48,38
"DECHTER, AIMEE",NA,NA,NA,NA,NA
"DELISLE, JAMES",NA,NA,NA,NA,NA
"DEYOUNG, TERRI",NA,NA,NA,NA,NA
"DHAVAN, PURNIMA",NA,NA,NA,NA,NA
"DIERWECHTER, YONN",315,10,8,10,8
"DING, LING",395,10,10,10,10
"DINGLASAN-PANLILIO, MARY",NA,NA,NA,NA,NA
"DISTILIO, VERONICA",1665,19,14,23,19
"DOBRA, ADRIAN",2661,26,18,37,25
"DODD, MICHAEL",1722,13,13,15,15
"DOLSAK, NIVES",2787,14,14,15,14
"DOMINGOS, PEDRO",36645,81,54,142,114
"DONG, YUE",NA,NA,NA,NA,NA
"DRANGSHOLT, MARK",NA,NA,NA,NA,NA
"DREVDAHL, DENISE",NA,NA,NA,NA,NA
"DUDZINSKI, DENISE",475,13,9,15,9
"DUNHAM, MAITREYA",5938,29,25,51,49
"EADIE, TANYA",1626,22,19,35,31
"EL-ANWAR, OMAR",326,11,9,11,9
"ERNST, MICHAEL",14641,56,43,125,98
"ESSINGTON, TIMOTHY",7500,41,29,90,83
"EVANS, BETSY",710,15,11,21,13
"EVANS, LAURA",NA,NA,NA,NA,NA
"FABER, CRISPIN",NA,NA,NA,NA,NA
"FABER, JURG",NA,NA,NA,NA,NA
"FAN, MARY",NA,NA,NA,NA,NA
"FAN, MARY",NA,NA,NA,NA,NA
"FAZEL SARJOUI, MARYAM",NA,NA,NA,NA,NA
"FEIL, MAGNUS",NA,NA,NA,NA,NA
"FELD, ANDREW",NA,NA,NA,NA,NA
"FERABOLI, PAOLO",NA,NA,NA,NA,NA
"FERNANDEZ DOBAO, ANA",481,11,9,11,9
"FERRANTE, ANTONINO",972,12,9,12,9
"FEUERBORN, LAURA",NA,NA,NA,NA,NA
"FINE, IONE",NA,NA,NA,NA,NA
"FLAGLER, SUSAN",NA,NA,NA,NA,NA
"FLAKE, NATASHA",NA,NA,NA,NA,NA
"FOOT, KIRSTEN",NA,NA,NA,NA,NA
"FOREHAND, MARK",1680,17,16,23,20
"FORREST, KELLY",NA,NA,NA,NA,NA
"FOX, DIETER",52204,98,67,195,162
"FRACE, JEFFREY",NA,NA,NA,NA,NA
"FRIED, AMY",NA,NA,NA,NA,NA
"FRIEDMAN, ROBERT",NA,NA,NA,NA,NA
"FRIERSON, DARGAN",4639,39,33,59,55
"FUKUDA, MUNEHIRO",NA,NA,NA,NA,NA
"FULLERTON, STEPHANIE",4883,35,29,61,49
"GALE, ANN",NA,NA,NA,NA,NA
"GALVIN, BENJAMIN",NA,NA,NA,NA,NA
"GARDNER, BENJAMIN",NA,NA,NA,NA,NA
"GARDNER, RICHARD",4500,26,16,56,25
"GARNER, MICHELLE",2114,9,7,8,7
"GAVIN, AMELIA",NA,NA,NA,NA,NA
"GAYLARD, SUSAN",NA,NA,NA,NA,NA
"GHATE, ARCHIS",427,12,10,14,12
"GINORIO, ANGELA",NA,NA,NA,NA,NA
"GODOY, ANGELINA",NA,NA,NA,NA,NA
"GOMEZ, JUAN",NA,NA,NA,NA,NA
"GOMEZ, RICARDO",1636,23,16,35,25
"GOODCHILD, ANNE",892,16,12,21,15
"GORDON, SHARONA",NA,NA,NA,NA,NA
"GORMAN-LEWIS, DREW",NA,NA,NA,NA,NA
"GOURD, KAREN",NA,NA,NA,NA,NA
"GRIBBLE, STEVEN",NA,NA,NA,NA,NA
"GROSSMAN, DANIEL",5430,36,25,69,53
"GRUNBAUM, DANIEL",NA,NA,NA,NA,NA
"GUERRA, JUAN",831,13,11,15,11
"GUGERTY, MARY",2578,15,14,19,16
"GUPTA, MAYA",NA,NA,NA,NA,NA
"GUPTA, SUBHADEEP",NA,NA,NA,NA,NA
"HADJIMICHALAKIS, MICHAEL",NA,NA,NA,NA,NA
"HAGUE, CHRIS",NA,NA,NA,NA,NA
"HAKIM, GREGORY",8611,26,20,46,37
"HAREWOOD, SUSAN",NA,NA,NA,NA,NA
"HARGRAVE, TIMOTHY",NA,NA,NA,NA,NA
"HAWKINS, BRIAN",NA,NA,NA,NA,NA
"HENEGHAN, AINE",NA,NA,NA,NA,NA
"HERNANDEZ, MORELA",NA,NA,NA,NA,NA
"HERRENKOHL, LESLIE",NA,NA,NA,NA,NA
"HERRENKOHL, TODD",NA,NA,NA,NA,NA
"HETMANIUK, ULRICH",1118,16,12,24,15
"HIEBERT, THEODOR",NA,NA,NA,NA,NA
"HILL, KRISTI",NA,NA,NA,NA,NA
"HILLE RIS LAMBERS, JANNEKE",6582,32,30,45,45
"HILLHOUSE, HUGH",7444,37,29,67,52
"HILLYARD, CINNAMON",257,8,8,8,5
"HOCHBERG, MICHAEL",NA,NA,NA,NA,NA
"HODGE, FRANK",NA,NA,NA,NA,NA
"HODGE, HUCK",NA,NA,NA,NA,NA
"HOEHN-WEISS, MANUELA",NA,NA,NA,NA,NA
"HOFFMAN, LISA",643,11,9,12,8
"HONG, SUL",NA,NA,NA,NA,NA
"HORNER-DEVINE, MARIE",NA,NA,NA,NA,NA
"HORWITZ, GREGORY",1617,18,15,24,19
"HOU, JEFFREY",749,10,10,11,10
"HOWARD, PHILIP",NA,NA,NA,NA,NA
"HUNTINGTON, KATHARINE",1485,20,19,27,27
"HUPPERT, ANN",NA,NA,NA,NA,NA
"IAROCCI, LOUISA",NA,NA,NA,NA,NA
"IBRAHIM, HABIBA",NA,NA,NA,NA,NA
"IMAIZUMI, TAKATO",4975,27,25,35,33
"INOUE, LURDES",NA,NA,NA,NA,NA
"ISHEM, LINDA",NA,NA,NA,NA,NA
"ISOHERRANEN, NINA",3535,36,26,74,65
"ISTANBULLUOGLU, ERKAN",1530,24,21,31,30
"JANSSEN, DONALD",NA,NA,NA,NA,NA
"JAROSZ, LUCY",NA,NA,NA,NA,NA
"JEGATHEESAN, BRINDA",NA,NA,NA,NA,NA
"JENKINS, LEKELIA",191,8,8,8,8
"JOHNSON, DAVID",NA,NA,NA,NA,NA
"JORDAN, PAMELA",NA,NA,NA,NA,NA
"JOSEPH, GAIL",NA,NA,NA,NA,NA
"JOSEPH, RALINA",NA,NA,NA,NA,NA
"JOSLYN, SUSAN",878,19,15,25,20
"KAEBERLEIN, MATT",19152,55,47,132,122
"KAHN, PETER",7291,39,30,71,55
"KALE, SUNILA",NA,NA,NA,NA,NA
"KAMEN, DEBORAH",NA,NA,NA,NA,NA
"KANG, REBECCA",NA,NA,NA,NA,NA
"KANG, YONG-SUNG",NA,NA,NA,NA,NA
"KANG'ARA, SYLVIA",NA,NA,NA,NA,NA
"KAUP, MONIKA",NA,NA,NA,NA,NA
"KAZEMI, ELHAM",3705,23,19,28,23
"KEISTER, JULIE",NA,NA,NA,NA,NA
"KELLEY, MATTHEW",74,5,5,2,2
"KEMP, SUSAN",NA,NA,NA,NA,NA
"KENDALL, DIANE",NA,NA,NA,NA,NA
"KERDEMAN, DEBORAH",NA,NA,NA,NA,NA
"KERR, BENJAMIN",3472,23,18,40,33
"KHAGRAM, SANJEEV",NA,NA,NA,NA,NA
"KHALIL, MUNIRA",3371,25,21,37,33
"KHULLAR, SONAL",NA,NA,NA,NA,NA
"KIENTZ, JULIE",3927,29,24,58,52
"KIM, SEIK",NA,NA,NA,NA,NA
"KIM, SOO-HYUNG",1846,23,17,33,29
"KING, JAMES",NA,NA,NA,NA,NA
"KING, KEVIN",2778,26,24,40,40
"KLAWITTER, MARIEKA",956,15,7,21,5
"KLEIT, RACHEL",NA,NA,NA,NA,NA
"KLINGER, TERRIE",NA,NA,NA,NA,NA
"KNIGHT, JEFFREY",NA,NA,NA,NA,NA
"KNUDSEN, SANNE",NA,NA,NA,NA,NA
"KO, ANDREW",5036,33,27,65,52
"KOCHHAR, KANTA",NA,NA,NA,NA,NA
"KOLASINSKI, ADAM",NA,NA,NA,NA,NA
"KORF, GEOFFREY",NA,NA,NA,NA,NA
"KRONSTROM, MATS",NA,NA,NA,NA,NA
"KRUG, ANITA",NA,NA,NA,NA,NA
"KUMAR, VIPIN",NA,NA,NA,NA,NA
"LAFLAMME, MICHAEL",NA,NA,NA,NA,NA
"LAFLAMME, MICHAEL",NA,NA,NA,NA,NA
"LAGUNOFF, MICHAEL",NA,NA,NA,NA,NA
"LAHIRI, ATANU",NA,NA,NA,NA,NA
"LAIRD, MARGARET",NA,NA,NA,NA,NA
"LAPE, PETER",390,11,10,11,10
"LAVERTY, KEVIN",953,8,6,8,6
"LEACHE, ADAM",3554,25,21,41,39
"LEBERT, EDGAR",NA,NA,NA,NA,NA
"LEE, ADRIAN",627,15,13,21,18
"LEE, CAROLE",407,8,6,6,3
"LEE, CHARLOTTE",1531,18,17,26,25
"LEE, HEDWIG",NA,NA,NA,NA,NA
"LEE, JIHYUNG",NA,NA,NA,NA,NA
"LEE, KELLY",NA,NA,NA,NA,NA
"LEHMAN, DAWN",2252,26,22,46,36
"LENG, FEI",NA,NA,NA,NA,NA
"LEU, JANXIN",NA,NA,NA,NA,NA
"LEVOW, GINA-ANNE",NA,NA,NA,NA,NA
"LI, JIANGYU",7917,44,35,138,110
"LI, WEIQING",NA,NA,NA,NA,NA
"LI, XIAOSONG",122239,38,29,102,77
"LI, XIAOSONG",122239,38,29,102,77
"LI, YU",NA,NA,NA,NA,NA
"LIEBLICH, MAX",689,11,10,14,11
"LIN, KEN-YU",418,10,9,12,9
"LINGAPPA, JAISRI",NA,NA,NA,NA,NA
"LITTIG, PETER",NA,NA,NA,NA,NA
"LLOBERA, MARCOS",1327,13,12,16,13
"LO, KING",NA,NA,NA,NA,NA
"LOBER, WILLIAM",NA,NA,NA,NA,NA
"LOMBARDI, CLARK",535,11,10,11,10
"LONG, MARK",1805,19,17,23,21
"LOPEZ, SHAUN",NA,NA,NA,NA,NA
"LOTT, JOE",NA,NA,NA,NA,NA
"LOVELL, GEORGE",NA,NA,NA,NA,NA
"LOWES, LAURA",1639,20,18,33,28
"MACCOSS, MICHAEL",18224,64,51,145,133
"MAHADEVAN, SUDHIR",NA,NA,NA,NA,NA
"MALY, DUSTIN",NA,NA,NA,NA,NA
"MALY, DUSTIN",NA,NA,NA,NA,NA
"MAMANI, HAMED",NA,NA,NA,NA,NA
"MAMISHEV, ALEXANDER",NA,NA,NA,NA,NA
"MANCHAK, JOHN",NA,NA,NA,NA,NA
"MANCHAK, JOHN",NA,NA,NA,NA,NA
"MARCENKO, MAUREEN",NA,NA,NA,NA,NA
"MARLOWE, JUSTIN",NA,NA,NA,NA,NA
"MARLOWE, JUSTIN",NA,NA,NA,NA,NA
"MARWICK, BENJAMIN",699,14,12,21,17
"MATSUMOTO, DAWN",NA,NA,NA,NA,NA
"MATTHEWS, KRISTINE",NA,NA,NA,NA,NA
"MCCANN, PAMELA",NA,NA,NA,NA,NA
"MCCORMACK, SHANNON",NA,NA,NA,NA,NA
"MCDONALD, DAVID",7632,36,27,69,49
"MCDONALD, MORVA",NA,NA,NA,NA,NA
"MCMURTRIE, JACQUELINE",NA,NA,NA,NA,NA
"MCNEEL, AMIE",NA,NA,NA,NA,NA
"MCVAY, SARAH",5689,19,16,26,23
"MEADOWS, VICTORIA",5776,39,30,85,69
"MEILA-PREDOVICIU, MARINA",NA,NA,NA,NA,NA
"MENALDO, VICTOR",1214,11,10,11,10
"MERCER, JONATHAN",NA,NA,NA,NA,NA
"MERCER, LEIGH",NA,NA,NA,NA,NA
"MERCHANT, ALTAF",557,13,12,15,15
"MERLINO, KATHRYN",NA,NA,NA,NA,NA
"METOYER, CHERYL",NA,NA,NA,NA,NA
"MICHAELIAN, PATRICIA",NA,NA,NA,NA,NA
"MIGLIACCIO, GIOVANNI",666,11,10,13,11
"MILLION, DIAN",NA,NA,NA,NA,NA
"MILUTIS, JOSEPH",NA,NA,NA,NA,NA
"MININ, VOLODYMYR",NA,NA,NA,NA,NA
"MIZIK, NATALIE",2412,21,15,24,20
"MOCERI, JOANE",NA,NA,NA,NA,NA
"MOHAMMED, SELINA",NA,NA,NA,NA,NA
"MONTOYA, DETRA",NA,NA,NA,NA,NA
"MORALES, MIGUEL",5911,38,34,98,86
"MORRIS, DAVID",NA,NA,NA,NA,NA
"MORRIS, ROBERT",2642,18,17,18,18
"MOSKAL, LUDMILA",NA,NA,NA,NA,NA
"MOTHA, MARY",NA,NA,NA,NA,NA
"MOUGOUS, JOSEPH",NA,NA,NA,NA,NA
"MOUGOUS, JOSEPH",NA,NA,NA,NA,NA
"MURAKAWA, NAOMI",NA,NA,NA,NA,NA
"MURPHY, SEAN",1384,16,14,21,20
"MUTHUKURU, MANOJ",NA,NA,NA,NA,NA
"NAGDA, BIREN",NA,NA,NA,NA,NA
"NAISH, KERRY-ANN",NA,NA,NA,NA,NA
"NAM, HWASOOK",NA,NA,NA,NA,NA
"NEFF, GINA",NA,NA,NA,NA,NA
"NERAD, MARESI",NA,NA,NA,NA,NA
"NESTINGEN, ANDREW",NA,NA,NA,NA,NA
"NGUGI, JOEL",NA,NA,NA,NA,NA
"NISHIME, LEILANI",NA,NA,NA,NA,NA
"NITTA, KEITH",NA,NA,NA,NA,NA
"NORMAN, STEPHEN",43,3,3,1,1
"NOVACK, GARTH",NA,NA,NA,NA,NA
"NOVIK, ISABELLA",NA,NA,NA,NA,NA
"NYE, PETER",NA,NA,NA,NA,NA
"O'CONNOR, KATHLEEN",NA,NA,NA,NA,NA
"OLAVARRIA, JAIME",3270,32,13,55,19
"OLSON, KRISTINA",2821,27,26,41,39
"O'NEAL, ROBERT",NA,NA,NA,NA,NA
"OSHIMA, KEN",NA,NA,NA,NA,NA
"OSWAL, SUSHIL",NA,NA,NA,NA,NA
"OTIS, BRIAN",7495,40,32,98,82
"O'TOOLE, HELEN",NA,NA,NA,NA,NA
"OTTINGER, GWEN",NA,NA,NA,NA,NA
"PAL, SOUMIK",598,14,13,18,17
"PALMATIER, ROBERT",8268,30,29,42,41
"PARANJPE, AVINA",NA,NA,NA,NA,NA
"PASUPATHY, ANITHA",2750,15,13,16,15
"PATEL, SHWETAK",7009,43,34,104,98
"PATHAK, SURYA",794,10,7,11,6
"PEKKANEN, ROBERT",NA,NA,NA,NA,NA
"PENDRAS, JEROME",NA,NA,NA,NA,NA
"PEREZ, MARIA",284,9,9,8,8
"PERRY, CYNTHIA",NA,NA,NA,NA,NA
"PERRY, CYNTHIA",NA,NA,NA,NA,NA
"PERRYMAN, ALEXA",NA,NA,NA,NA,NA
"PETERSEN, SUZANNE",NA,NA,NA,NA,NA
"PFAENDTNER, WALTER",NA,NA,NA,NA,NA
"PFAFF, STEVEN",1001,15,11,18,13
"PIERQUET, BRANDON",NA,NA,NA,NA,NA
"PLACE, NANCY",NA,NA,NA,NA,NA
"PLECKI, MARGARET",NA,NA,NA,NA,NA
"POLAGYE, BRIAN",1406,20,17,33,26
"POZZO, DANILO",NA,NA,NA,NA,NA
"POZZO, LILO",1224,24,20,37,34
"PRAT, CHANTEL",1338,19,17,22,19
"PRATT, WANDA",5593,38,28,79,61
"PRICE, REBECCA",347,9,9,9,8
"PRIMOMO, JANET",NA,NA,NA,NA,NA
"PROKSCH, GUNDULA",NA,NA,NA,NA,NA
"PRUTTI, BRIGITTE",NA,NA,NA,NA,NA
"PUN, SUZIE",8155,39,35,94,88
"PURCELL, MARK",5309,27,23,41,36
"QUEITSCH, CHRISTINE",3436,22,20,28,26
"RABOTYAGOV, SERGEY",525,13,12,15,14
"RADNITZ, SCOTT",688,11,8,13,8
"RAFTERY, ANA",NA,NA,NA,NA,NA
"RAI, CANDICE",NA,NA,NA,NA,NA
"RAO, RAJESH",13327,54,37,125,90
"RATNER, DANIEL",2734,29,23,44,39
"REA, RUTH",NA,NA,NA,NA,NA
"REED, BRIAN",1078,11,8,13,8
"RIFFELL, JEFFREY",2446,23,22,33,31
"RIVENBURGH, NANCY",NA,NA,NA,NA,NA
"ROBERTS, STEVEN",2036,25,20,44,36
"ROBINSON, CABEIRI",NA,NA,NA,NA,NA
"RODRIGUEZ SILVA, ILEANA",NA,NA,NA,NA,NA
"ROE, GERARD",NA,NA,NA,NA,NA
"ROESLER, AXEL",NA,NA,NA,NA,NA
"ROLANDI, MARCO",NA,NA,NA,NA,NA
"ROLANDI, MARCO",NA,NA,NA,NA,NA
"ROSENFELD, JAKE",NA,NA,NA,NA,NA
"ROSENFELD, JAKE",NA,NA,NA,NA,NA
"ROSENTHAL, MICHAEL",NA,NA,NA,NA,NA
"RUESINK, JENNIFER",NA,NA,NA,NA,NA
"RUTZ, OLIVER",916,10,10,11,10
"SACHS, JULIAN",4598,36,27,66,58
"SAID, ZAHR",84,5,5,3,3
"SALATHE, ERIC",4227,37,25,69,43
"SAMUDRALA, VAIKUNTANATH",NA,NA,NA,NA,NA
"SANDALL, SUSAN",NA,NA,NA,NA,NA
"SCHELLENBERG, INGRA",NA,NA,NA,NA,NA
"SCHEPP, KAREN",NA,NA,NA,NA,NA
"SCHLOSSER, ANN",NA,NA,NA,NA,NA
"SCHMITT, THOMAS",NA,NA,NA,NA,NA
"SCHOLL, HANS",4360,32,24,68,48
"SCHUYLER, PHILIP",NA,NA,NA,NA,NA
"SEELIG, GEORG",3391,19,16,24,21
"SELKIN, PETER",NA,NA,NA,NA,NA
"SERVETNICK, MARC",NA,NA,NA,NA,NA
"SHAH, SONALI",NA,NA,NA,NA,NA
"SHEA-BROWN, ERIC",4072,27,22,47,41
"SHEN, HONG",NA,NA,NA,NA,NA
"SHENDURE, JAY",41618,90,82,218,211
"SHENG, JIE",NA,NA,NA,NA,NA
"SHI, LAN",NA,NA,NA,NA,NA
"SHULMAN, JEFFREY",444,8,8,8,8
"SIDOR, CHRISTIAN",3145,29,21,59,46
"SIEGEL, STEPHAN",1850,15,14,19,18
"SIMONEN, KATHRINA",49,4,4,1,1
"SIMPSON, CHRISTOPHER",3351,25,18,48,39
"SIMPSON, TERRI",NA,NA,NA,NA,NA
"SMIDCHENS, GUNTIS",NA,NA,NA,NA,NA
"SMITH, ANTONY",NA,NA,NA,NA,NA
"SNIADECKI, NATHAN",3254,23,22,28,26
"SOLIMAN, MARK",NA,NA,NA,NA,NA
"SOLOMON, EVAN",NA,NA,NA,NA,NA
"SORENSEN, CLARK",NA,NA,NA,NA,NA
"SPENCER, BENJAMIN",NA,NA,NA,NA,NA
"STAMATOYANNOPOULOS, JOHN",NA,NA,NA,NA,NA
"STECHER, MARIANNE",NA,NA,NA,NA,NA
"STECKER, GEORGE",NA,NA,NA,NA,NA
"STEPTOE, TYINA",NA,NA,NA,NA,NA
"STETSON, DANIEL",5294,23,21,25,24
"STEWART, JOHN",13665,56,38,182,153
"STORTI, DUANE",NA,NA,NA,NA,NA
"STOVEL, KATHERINE",2376,17,14,20,14
"STRICKLAND, CAROLYN",NA,NA,NA,NA,NA
"STROMBERG, CAROLINE",2821,20,20,29,28
"STUBER, JENNIFER",NA,NA,NA,NA,NA
"SUESS, BECKY",NA,NA,NA,NA,NA
"SUNARDI, CHRISTINA",NA,NA,NA,NA,NA
"SWANSON, WILLIE",7943,45,27,74,64
"SWARR, AMANDA",NA,NA,NA,NA,NA
"TAIBI, DIANA",NA,NA,NA,NA,NA
"TANLU, LLOYD",NA,NA,NA,NA,NA
"TARICANI, JO",NA,NA,NA,NA,NA
"TASKAR, BENJAMIN",15692,56,47,93,84
"TAYLOR, HAZEL",NA,NA,NA,NA,NA
"TAYLOR, HAZEL",NA,NA,NA,NA,NA
"TAYLOR, JANELLE",2185,20,18,28,21
"TENNIS, JOSEPH",NA,NA,NA,NA,NA
"TEREDESAI, ANKUR",1265,19,14,32,18
"THOMAS, CRAIG",NA,NA,NA,NA,NA
"THOMPSON, HILAIRE",3658,32,25,65,55
"THOMPSON, HILAIRE",3658,32,25,65,55
"THOMPSON, RIKI",162,5,5,4,4
"THORNOCK, JACOB",NA,NA,NA,NA,NA
"THORNOCK, JACOB",NA,NA,NA,NA,NA
"THORNTON, JOEL",5878,43,37,87,85
"THORNTON, TIMOTHY",1331,19,18,25,25
"TOLICH, NIKOLAI",NA,NA,NA,NA,NA
"TOPPER, KATHRYN",96,5,5,3,3
"TOTAH, RHEEM",NA,NA,NA,NA,NA
"TOTH, SANDOR",NA,NA,NA,NA,NA
"TRIPATHY, ARINDAM",562,10,10,10,10
"TURNER, JACK",NA,NA,NA,NA,NA
"TURNER, ROBERT",NA,NA,NA,NA,NA
"TURNS, JENNIFER",3488,25,15,47,24
"TZOU, CARRIE",NA,NA,NA,NA,NA
"UDELL, WADIYA",955,11,10,11,10
"VILLATTE, JENNIFER",543,7,6,5,5
"VOSS, JOACHIM",NA,NA,NA,NA,NA
"VOSS, JOACHIM",NA,NA,NA,NA,NA
"VU, CUONG",NA,NA,NA,NA,NA
"WANG, HAICHENG",NA,NA,NA,NA,NA
"WANG, JOANNE",NA,NA,NA,NA,NA
"WARD, TERESA",650,16,13,17,15
"WATTS, KATHRYN",NA,NA,NA,NA,NA
"WEBER, REBECCA",NA,NA,NA,NA,NA
"WEINMANN, AMY",NA,NA,NA,NA,NA
"WELLAND, SASHA",NA,NA,NA,NA,NA
"WELLMAN, JAMES",NA,NA,NA,NA,NA
"WELLS, NORMA",NA,NA,NA,NA,NA
"WELSH, DAVID",3,1,1,0,0
"WERRETT, SIMON",NA,NA,NA,NA,NA
"WESSELLS, ANNE",NA,NA,NA,NA,NA
"WEST, ELIZABETH",270,7,7,7,7
"WHITE, BRYAN",NA,NA,NA,NA,NA
"WHITTINGTON, JANICE",NA,NA,NA,NA,NA
"WILKERSON, JOHN",2380,22,18,34,20
"WILLGERODT, MAYUMI",NA,NA,NA,NA,NA
"WILLIAMS, CHARLES",191,4,4,4,4
"WILLIAMSON-LOTT, JOY",NA,NA,NA,NA,NA
"WILSON, DENISE",NA,NA,NA,NA,NA
"WILSON, GREGORY",1611,19,16,31,27
"WIRSING, AARON",4462,33,26,52,44
"WITTEN, DANIELA",9205,32,31,52,49
"WOOD, ROBERT",6687,46,36,102,82
"WRIGHT, RICHARD",2187,20,15,32,21
"WYERS, GISELLE",NA,NA,NA,NA,NA
"XIA, FEI",4010,30,24,91,58
"XU, XIAODONG",12234,47,41,79,76
"YEE, SHIRLEY",NA,NA,NA,NA,NA
"YOCOM, KENNETH",NA,NA,NA,NA,NA
"YOUNG, GLENNYS",NA,NA,NA,NA,NA
"ZACHRY, MARK",NA,NA,NA,NA,NA
"ZETTLEMOYER, LUKE",5258,37,31,67,59
"ZHANG, BO",2756,25,25,39,37
"ZIMMERMAN, DANIEL",NA,NA,NA,NA,NA
"ZIRPEL, MARK",NA,NA,NA,NA,NA
"ZOELLNER, LORI",5309,38,33,77,66
